"scenario","sc_idx","co2","chunk","cells_total","cells_ok","cells_fail","elapsed_sec","errors","timestamp"
"baseline",1,350,1,50,50,0,1261.3,"","2026-06-12 13:32:08"
"baseline",1,350,2,50,50,0,1245.1,"","2026-06-12 13:32:08"
"baseline",1,350,3,50,48,2,1214.3,"cell 1390: soil load failed; cell 1567: soil load failed","2026-06-12 13:32:08"
"baseline",1,350,4,50,49,1,1233.5,"cell 1773: soil load failed","2026-06-12 13:32:08"
"baseline",1,350,5,50,48,2,1224.6,"cell 2108: soil load failed; cell 2307: soil load failed","2026-06-12 13:32:08"
"baseline",1,350,6,50,49,1,1239.6,"cell 2663: soil load failed","2026-06-12 13:32:08"
"baseline",1,350,7,50,50,0,1239.4,"","2026-06-12 13:32:08"
"baseline",1,350,8,50,48,2,1227.8,"cell 3350: soil load failed; cell 3376: soil load failed","2026-06-12 13:32:08"
"baseline",1,350,9,50,48,2,1203,"cell 3908: soil load failed; cell 3925: soil load failed","2026-06-12 13:32:08"
"baseline",1,350,10,50,49,1,1236.7,"cell 4108: soil load failed","2026-06-12 13:32:08"
"baseline",1,350,11,50,48,2,1195.5,"cell 4287: soil load failed; cell 4447: soil load failed","2026-06-12 13:32:08"
"baseline",1,350,12,50,50,0,1249.6,"","2026-06-12 13:32:08"
"baseline",1,350,13,50,49,1,1238.6,"cell 4954: soil load failed","2026-06-12 13:32:08"
"baseline",1,350,14,50,49,1,1240.1,"cell 5006: soil load failed","2026-06-12 13:32:08"
"baseline",1,350,15,50,49,1,1229.2,"cell 5169: soil load failed","2026-06-12 13:32:08"
"baseline",1,350,16,50,50,0,1266.3,"","2026-06-12 13:32:08"
"baseline",1,350,17,50,49,1,1233.8,"cell 5545: soil load failed","2026-06-12 13:32:08"
"baseline",1,350,18,50,50,0,1233.9,"","2026-06-12 13:32:08"
"baseline",1,350,19,50,50,0,1265.2,"","2026-06-12 13:32:08"
"baseline",1,350,20,50,49,1,1229.3,"cell 6075: soil load failed","2026-06-12 13:32:08"
"baseline",1,350,21,50,50,0,1286,"","2026-06-12 13:32:08"
"baseline",1,350,22,50,31,19,813.4,"cell 6579: soil load failed; cell 6602: soil load failed; cell 6603: soil load failed; cell 6604: soil load failed; cell 6605: soil load failed; cell 6606: soil load failed; cell 6607: soil load failed; cell 6608: soil load failed; cell 6609: soil load failed; cell 6610: soil load failed; cell 6611: soil load failed; cell 6612: soil load failed; cell 6734: soil load failed; cell 6740: soil load failed; cell 6741: soil load failed; cell 6743: soil load failed; cell 6744: soil load failed; cell 6745: soil load failed; cell 6746: soil load failed","2026-06-12 13:32:08"
"baseline",1,350,23,50,22,28,557.8,"cell 6747: soil load failed; cell 6748: soil load failed; cell 6749: soil load failed; cell 6750: soil load failed; cell 6751: soil load failed; cell 6752: soil load failed; cell 6753: soil load failed; cell 6754: soil load failed; cell 6755: soil load failed; cell 6758: soil load failed; cell 6759: soil load failed; cell 6760: soil load failed; cell 6761: soil load failed; cell 6762: soil load failed; cell 6763: soil load failed; cell 6764: soil load failed; cell 6766: soil load failed; cell 6767: soil load failed; cell 6768: soil load failed; cell 6769: soil load failed; cell 6770: soil load failed; cell 6772: soil load failed; cell 6776: soil load failed; cell 6777: soil load failed; cell 6778: soil load failed; cell 6779: soil load failed; cell 6780: soil load failed; cell 6794: soil load failed","2026-06-12 13:32:08"
"baseline",1,350,24,50,49,1,1251.6,"cell 6973: soil load failed","2026-06-12 13:32:08"
"baseline",1,350,25,50,49,1,1236.2,"cell 7137: soil load failed","2026-06-12 13:32:08"
"baseline",1,350,26,50,50,0,1265.3,"","2026-06-12 13:32:08"
"baseline",1,350,27,50,47,3,1146.6,"cell 7489: soil load failed; cell 7505: soil load failed; cell 7507: soil load failed","2026-06-12 13:32:08"
"baseline",1,350,28,50,50,0,1256.8,"","2026-06-12 13:32:08"
"baseline",1,350,29,50,49,1,1218.6,"cell 7829: soil load failed","2026-06-12 13:32:08"
"baseline",1,350,30,50,49,1,1228.7,"cell 8037: soil load failed","2026-06-12 13:32:08"
"baseline",1,350,31,50,48,2,1207.5,"cell 8203: soil load failed; cell 8355: soil load failed","2026-06-12 13:32:08"
"baseline",1,350,32,50,49,1,1257.9,"cell 8544: soil load failed","2026-06-12 13:32:08"
"baseline",1,350,33,50,49,1,1207.9,"cell 8737: soil load failed","2026-06-12 13:32:08"
"baseline",1,350,34,50,47,3,1159,"cell 8745: soil load failed; cell 8890: soil load failed; cell 8901: soil load failed","2026-06-12 13:32:08"
"baseline",1,350,35,50,49,1,1215.8,"cell 9068: soil load failed","2026-06-12 13:32:08"
"baseline",1,350,36,50,50,0,1261,"","2026-06-12 13:32:08"
"baseline",1,350,37,50,50,0,1254.7,"","2026-06-12 13:32:08"
"baseline",1,350,38,50,50,0,1265.6,"","2026-06-12 13:32:08"
"baseline",1,350,39,50,49,1,1227.2,"cell 9809: soil load failed","2026-06-12 13:32:08"
"baseline",1,350,40,50,50,0,1257.8,"","2026-06-12 13:32:08"
"baseline",1,350,41,50,50,0,1234,"","2026-06-12 13:32:08"
"baseline",1,350,42,50,49,1,1205.3,"cell 10349: soil load failed","2026-06-12 13:32:08"
"baseline",1,350,43,50,50,0,1244.1,"","2026-06-12 13:32:08"
"baseline",1,350,44,50,50,0,1234.1,"","2026-06-12 13:32:08"
"baseline",1,350,45,50,50,0,1222.9,"","2026-06-12 13:32:08"
"baseline",1,350,46,50,48,2,1186.5,"cell 11248: soil load failed; cell 11390: soil load failed","2026-06-12 13:32:08"
"baseline",1,350,47,50,50,0,1238.9,"","2026-06-12 13:32:08"
"baseline",1,350,48,50,48,2,1203.7,"cell 11606: soil load failed; cell 11614: soil load failed","2026-06-12 13:32:08"
"baseline",1,350,49,50,50,0,1227.3,"","2026-06-12 13:32:08"
"baseline",1,350,50,50,49,1,1202.4,"cell 12138: soil load failed","2026-06-12 13:32:08"
"baseline",1,350,51,50,49,1,1201.4,"cell 12467: soil load failed","2026-06-12 13:32:08"
"baseline",1,350,52,50,49,1,1223.4,"cell 12648: soil load failed","2026-06-12 13:32:08"
"baseline",1,350,53,50,49,1,1212.1,"cell 12656: soil load failed","2026-06-12 13:32:08"
"baseline",1,350,54,50,49,1,1219.2,"cell 13016: soil load failed","2026-06-12 13:32:08"
"baseline",1,350,55,50,47,3,1174.1,"cell 13180: soil load failed; cell 13211: soil load failed; cell 13371: soil load failed","2026-06-12 13:32:08"
"baseline",1,350,56,50,50,0,1242.9,"","2026-06-12 13:32:08"
"baseline",1,350,57,50,48,2,1192.2,"cell 13577: soil load failed; cell 13882: soil load failed","2026-06-12 13:32:08"
"baseline",1,350,58,50,50,0,1248.7,"","2026-06-12 13:32:08"
"baseline",1,350,59,50,48,2,1214.2,"cell 14107: soil load failed; cell 14268: soil load failed","2026-06-12 13:32:08"
"baseline",1,350,60,50,48,2,1202.6,"cell 14287: soil load failed; cell 14417: soil load failed","2026-06-12 13:32:08"
"baseline",1,350,61,50,50,0,1240.3,"","2026-06-12 13:32:08"
"baseline",1,350,62,50,50,0,1218.3,"","2026-06-12 13:32:08"
"baseline",1,350,63,50,49,1,1216.3,"cell 15138: soil load failed","2026-06-12 13:32:08"
"baseline",1,350,64,50,50,0,1229.7,"","2026-06-12 13:32:08"
"baseline",1,350,65,50,49,1,1221.3,"cell 15497: soil load failed","2026-06-12 13:32:08"
"baseline",1,350,66,50,49,1,1222.7,"cell 15669: soil load failed","2026-06-12 13:32:08"
"baseline",1,350,67,50,49,1,1225,"cell 15712: soil load failed","2026-06-12 13:32:08"
"baseline",1,350,68,50,50,0,1259,"","2026-06-12 13:32:08"
"baseline",1,350,69,50,49,1,1221.8,"cell 16222: soil load failed","2026-06-12 13:32:08"
"baseline",1,350,70,50,50,0,1221.4,"","2026-06-12 13:32:08"
"baseline",1,350,71,50,10,40,251.1,"cell 16437: soil load failed; cell 16568: soil load failed; cell 16569: soil load failed; cell 16570: soil load failed; cell 16571: soil load failed; cell 16572: soil load failed; cell 16573: soil load failed; cell 16574: soil load failed; cell 16575: soil load failed; cell 16576: soil load failed; cell 16580: soil load failed; cell 16583: soil load failed; cell 16584: soil load failed; cell 16585: soil load failed; cell 16586: soil load failed; cell 16587: soil load failed; cell 16588: soil load failed; cell 16591: soil load failed; cell 16598: soil load failed; cell 16600: soil load failed; cell 16601: soil load failed; cell 16602: soil load failed; cell 16603: soil load failed; cell 16604: soil load failed; cell 16605: soil load failed; cell 16606: soil load failed; cell 16607: soil load failed; cell 16608: soil load failed; cell 16609: soil load failed; cell 16610: soil load failed; cell 16611: soil load failed; cell 16612: soil load failed; cell 16613: soil load failed; cell 16614: soil load failed; cell 16615: soil load failed; cell 16616: soil load failed; cell 16741: soil load failed; cell 16742: soil load failed; cell 16743: soil load failed; cell 16744: soil load failed","2026-06-12 13:32:08"
"baseline",1,350,72,50,49,1,1200.7,"cell 16927: soil load failed","2026-06-12 13:32:08"
"baseline",1,350,73,50,48,2,1184.8,"cell 16947: soil load failed; cell 16968: soil load failed","2026-06-12 13:32:08"
"baseline",1,350,74,50,48,2,1199.3,"cell 17283: soil load failed; cell 17294: soil load failed","2026-06-12 13:32:08"
"baseline",1,350,75,50,48,2,1184.8,"cell 17458: soil load failed; cell 17481: soil load failed","2026-06-12 13:32:08"
"baseline",1,350,76,50,49,1,1220.5,"cell 17660: soil load failed","2026-06-12 13:32:08"
"baseline",1,350,77,50,50,0,1181.6,"","2026-06-12 13:32:08"
"baseline",1,350,78,50,47,3,1042.7,"cell 18040: soil load failed; cell 18201: soil load failed; cell 18371: soil load failed","2026-06-12 13:32:08"
"baseline",1,350,79,50,48,2,990.3,"cell 18398: soil load failed; cell 18719: soil load failed","2026-06-12 13:32:08"
"baseline",1,350,80,50,48,2,913.5,"cell 18908: soil load failed; cell 19080: soil load failed","2026-06-12 13:32:08"
"baseline",1,350,81,50,50,0,955.2,"","2026-06-12 13:32:08"
"baseline",1,350,82,50,47,3,897.3,"cell 19623: soil load failed; cell 19803: soil load failed; cell 19823: soil load failed","2026-06-12 13:32:08"
"baseline",1,350,83,50,50,0,940.9,"","2026-06-12 13:32:08"
"baseline",1,350,84,50,49,1,915.9,"cell 20889: soil load failed","2026-06-12 13:32:08"
"baseline",1,350,85,50,49,1,913.5,"cell 21058: soil load failed","2026-06-12 13:32:08"
"baseline",1,350,86,50,49,1,930.1,"cell 21599: soil load failed","2026-06-12 13:32:08"
"baseline",1,350,87,50,49,1,908.8,"cell 22498: soil load failed","2026-06-12 13:32:08"
"baseline",1,350,88,50,48,2,901.5,"cell 22857: soil load failed; cell 22858: soil load failed","2026-06-12 13:32:08"
"baseline",1,350,89,50,50,0,939.8,"","2026-06-12 13:32:08"
"baseline",1,350,90,50,50,0,925.2,"","2026-06-12 13:32:08"
"baseline",1,350,91,50,42,8,800.4,"cell 25000: soil load failed; cell 25004: soil load failed; cell 25008: soil load failed; cell 25360: soil load failed; cell 25361: soil load failed; cell 25367: soil load failed; cell 25369: soil load failed; cell 25454: soil load failed","2026-06-12 13:32:08"
"baseline",1,350,92,50,47,3,885,"cell 25536: soil load failed; cell 25718: soil load failed; cell 25898: soil load failed","2026-06-12 13:32:08"
"baseline",1,350,93,50,43,7,809.6,"cell 26079: soil load failed; cell 26082: soil load failed; cell 26256: soil load failed; cell 26257: soil load failed; cell 26258: soil load failed; cell 26436: soil load failed; cell 26437: soil load failed","2026-06-12 13:32:08"
"baseline",1,350,94,50,46,4,862.8,"cell 26609: soil load failed; cell 26616: soil load failed; cell 26618: soil load failed; cell 26787: soil load failed","2026-06-12 13:32:08"
"baseline",1,350,95,50,47,3,882.7,"cell 26971: soil load failed; cell 27151: soil load failed; cell 27240: soil load failed","2026-06-12 13:32:08"
"baseline",1,350,96,50,44,6,828.1,"cell 27503: soil load failed; cell 27516: soil load failed; cell 27682: soil load failed; cell 27692: soil load failed; cell 27695: soil load failed; cell 27696: soil load failed","2026-06-12 13:32:08"
"baseline",1,350,97,50,48,2,907.2,"cell 27875: soil load failed; cell 28231: soil load failed","2026-06-12 13:32:08"
"baseline",1,350,98,4,3,1,63,"cell 28411: soil load failed","2026-06-12 13:32:08"
"climate_change",2,350,1,50,50,0,1261.7,"","2026-06-12 14:28:43"
"climate_change",2,350,2,50,50,0,1241.5,"","2026-06-12 14:28:43"
"climate_change",2,350,3,50,48,2,1182.6,"cell 1390: soil load failed; cell 1567: soil load failed","2026-06-12 14:28:43"
"climate_change",2,350,4,50,49,1,1213.6,"cell 1773: soil load failed","2026-06-12 14:28:43"
"climate_change",2,350,5,50,48,2,1201.2,"cell 2108: soil load failed; cell 2307: soil load failed","2026-06-12 14:28:43"
"climate_change",2,350,6,50,49,1,1231.1,"cell 2663: soil load failed","2026-06-12 14:28:43"
"climate_change",2,350,7,50,50,0,1244.7,"","2026-06-12 14:28:43"
"climate_change",2,350,8,50,48,2,1225.4,"cell 3350: soil load failed; cell 3376: soil load failed","2026-06-12 14:28:43"
"climate_change",2,350,9,50,48,2,1217.5,"cell 3908: soil load failed; cell 3925: soil load failed","2026-06-12 14:28:43"
"climate_change",2,350,10,50,49,1,1249.4,"cell 4108: soil load failed","2026-06-12 14:28:43"
"climate_change",2,350,11,50,48,2,1193.4,"cell 4287: soil load failed; cell 4447: soil load failed","2026-06-12 14:28:43"
"climate_change",2,350,12,50,50,0,1239.9,"","2026-06-12 14:28:43"
"climate_change",2,350,13,50,49,1,1228.5,"cell 4954: soil load failed","2026-06-12 14:28:43"
"climate_change",2,350,14,50,49,1,1245.7,"cell 5006: soil load failed","2026-06-12 14:28:43"
"climate_change",2,350,15,50,49,1,1233.3,"cell 5169: soil load failed","2026-06-12 14:28:43"
"climate_change",2,350,16,50,50,0,1270.6,"","2026-06-12 14:28:43"
"climate_change",2,350,17,50,49,1,1231.1,"cell 5545: soil load failed","2026-06-12 14:28:43"
"climate_change",2,350,18,50,50,0,1239.2,"","2026-06-12 14:28:43"
"climate_change",2,350,19,50,50,0,1242.2,"","2026-06-12 14:28:43"
"climate_change",2,350,20,50,49,1,1265.4,"cell 6075: soil load failed","2026-06-12 14:28:43"
"climate_change",2,350,21,50,50,0,1278.1,"","2026-06-12 14:28:43"
"climate_change",2,350,22,50,31,19,779.5,"cell 6579: soil load failed; cell 6602: soil load failed; cell 6603: soil load failed; cell 6604: soil load failed; cell 6605: soil load failed; cell 6606: soil load failed; cell 6607: soil load failed; cell 6608: soil load failed; cell 6609: soil load failed; cell 6610: soil load failed; cell 6611: soil load failed; cell 6612: soil load failed; cell 6734: soil load failed; cell 6740: soil load failed; cell 6741: soil load failed; cell 6743: soil load failed; cell 6744: soil load failed; cell 6745: soil load failed; cell 6746: soil load failed","2026-06-12 14:28:43"
"climate_change",2,350,23,50,22,28,568.7,"cell 6747: soil load failed; cell 6748: soil load failed; cell 6749: soil load failed; cell 6750: soil load failed; cell 6751: soil load failed; cell 6752: soil load failed; cell 6753: soil load failed; cell 6754: soil load failed; cell 6755: soil load failed; cell 6758: soil load failed; cell 6759: soil load failed; cell 6760: soil load failed; cell 6761: soil load failed; cell 6762: soil load failed; cell 6763: soil load failed; cell 6764: soil load failed; cell 6766: soil load failed; cell 6767: soil load failed; cell 6768: soil load failed; cell 6769: soil load failed; cell 6770: soil load failed; cell 6772: soil load failed; cell 6776: soil load failed; cell 6777: soil load failed; cell 6778: soil load failed; cell 6779: soil load failed; cell 6780: soil load failed; cell 6794: soil load failed","2026-06-12 14:28:43"
"climate_change",2,350,24,50,49,1,1228.1,"cell 6973: soil load failed","2026-06-12 14:28:43"
"climate_change",2,350,25,50,49,1,1222,"cell 7137: soil load failed","2026-06-12 14:28:43"
"climate_change",2,350,26,50,50,0,1266.2,"","2026-06-12 14:28:43"
"climate_change",2,350,27,50,47,3,1174.6,"cell 7489: soil load failed; cell 7505: soil load failed; cell 7507: soil load failed","2026-06-12 14:28:43"
"climate_change",2,350,28,50,50,0,1246.7,"","2026-06-12 14:28:43"
"climate_change",2,350,29,50,49,1,1237.9,"cell 7829: soil load failed","2026-06-12 14:28:43"
"climate_change",2,350,30,50,49,1,1198.9,"cell 8037: soil load failed","2026-06-12 14:28:43"
"climate_change",2,350,31,50,48,2,1192.7,"cell 8203: soil load failed; cell 8355: soil load failed","2026-06-12 14:28:43"
"climate_change",2,350,32,50,49,1,1258.7,"cell 8544: soil load failed","2026-06-12 14:28:43"
"climate_change",2,350,33,50,49,1,1210.2,"cell 8737: soil load failed","2026-06-12 14:28:43"
"climate_change",2,350,34,50,47,3,1163.5,"cell 8745: soil load failed; cell 8890: soil load failed; cell 8901: soil load failed","2026-06-12 14:28:43"
"climate_change",2,350,35,50,49,1,1182.6,"cell 9068: soil load failed","2026-06-12 14:28:43"
"climate_change",2,350,36,50,50,0,1278.9,"","2026-06-12 14:28:43"
"climate_change",2,350,37,50,50,0,1222.5,"","2026-06-12 14:28:43"
"climate_change",2,350,38,50,50,0,1272.4,"","2026-06-12 14:28:43"
"climate_change",2,350,39,50,49,1,1221.3,"cell 9809: soil load failed","2026-06-12 14:28:43"
"climate_change",2,350,40,50,50,0,1204.8,"","2026-06-12 14:28:43"
"climate_change",2,350,41,50,50,0,1264.2,"","2026-06-12 14:28:43"
"climate_change",2,350,42,50,49,1,1190.4,"cell 10349: soil load failed","2026-06-12 14:28:43"
"climate_change",2,350,43,50,50,0,1215.6,"","2026-06-12 14:28:43"
"climate_change",2,350,44,50,50,0,1234.4,"","2026-06-12 14:28:43"
"climate_change",2,350,45,50,50,0,1235.9,"","2026-06-12 14:28:43"
"climate_change",2,350,46,50,48,2,1201.5,"cell 11248: soil load failed; cell 11390: soil load failed","2026-06-12 14:28:43"
"climate_change",2,350,47,50,50,0,1247,"","2026-06-12 14:28:43"
"climate_change",2,350,48,50,48,2,1204.9,"cell 11606: soil load failed; cell 11614: soil load failed","2026-06-12 14:28:43"
"climate_change",2,350,49,50,50,0,1271.1,"","2026-06-12 14:28:43"
"climate_change",2,350,50,50,49,1,1186.4,"cell 12138: soil load failed","2026-06-12 14:28:43"
"climate_change",2,350,51,50,49,1,1239.7,"cell 12467: soil load failed","2026-06-12 14:28:43"
"climate_change",2,350,52,50,49,1,1224.3,"cell 12648: soil load failed","2026-06-12 14:28:43"
"climate_change",2,350,53,50,49,1,1224.8,"cell 12656: soil load failed","2026-06-12 14:28:43"
"climate_change",2,350,54,50,49,1,1192.4,"cell 13016: soil load failed","2026-06-12 14:28:43"
"climate_change",2,350,55,50,47,3,1188.7,"cell 13180: soil load failed; cell 13211: soil load failed; cell 13371: soil load failed","2026-06-12 14:28:43"
"climate_change",2,350,56,50,50,0,1262.9,"","2026-06-12 14:28:43"
"climate_change",2,350,57,50,48,2,1226.8,"cell 13577: soil load failed; cell 13882: soil load failed","2026-06-12 14:28:43"
"climate_change",2,350,58,50,50,0,1235.7,"","2026-06-12 14:28:43"
"climate_change",2,350,59,50,48,2,1179.9,"cell 14107: soil load failed; cell 14268: soil load failed","2026-06-12 14:28:43"
"climate_change",2,350,60,50,48,2,1182.2,"cell 14287: soil load failed; cell 14417: soil load failed","2026-06-12 14:28:43"
"climate_change",2,350,61,50,50,0,1223.7,"","2026-06-12 14:28:43"
"climate_change",2,350,62,50,50,0,1248.6,"","2026-06-12 14:28:43"
"climate_change",2,350,63,50,49,1,1209.2,"cell 15138: soil load failed","2026-06-12 14:28:43"
"climate_change",2,350,64,50,50,0,1240.8,"","2026-06-12 14:28:43"
"climate_change",2,350,65,50,49,1,1240.9,"cell 15497: soil load failed","2026-06-12 14:28:43"
"climate_change",2,350,66,50,49,1,1188,"cell 15669: soil load failed","2026-06-12 14:28:43"
"climate_change",2,350,67,50,49,1,1212.8,"cell 15712: soil load failed","2026-06-12 14:28:43"
"climate_change",2,350,68,50,50,0,1249,"","2026-06-12 14:28:43"
"climate_change",2,350,69,50,49,1,1244.3,"cell 16222: soil load failed","2026-06-12 14:28:43"
"climate_change",2,350,70,50,50,0,1214.7,"","2026-06-12 14:28:43"
"climate_change",2,350,71,50,10,40,256.4,"cell 16437: soil load failed; cell 16568: soil load failed; cell 16569: soil load failed; cell 16570: soil load failed; cell 16571: soil load failed; cell 16572: soil load failed; cell 16573: soil load failed; cell 16574: soil load failed; cell 16575: soil load failed; cell 16576: soil load failed; cell 16580: soil load failed; cell 16583: soil load failed; cell 16584: soil load failed; cell 16585: soil load failed; cell 16586: soil load failed; cell 16587: soil load failed; cell 16588: soil load failed; cell 16591: soil load failed; cell 16598: soil load failed; cell 16600: soil load failed; cell 16601: soil load failed; cell 16602: soil load failed; cell 16603: soil load failed; cell 16604: soil load failed; cell 16605: soil load failed; cell 16606: soil load failed; cell 16607: soil load failed; cell 16608: soil load failed; cell 16609: soil load failed; cell 16610: soil load failed; cell 16611: soil load failed; cell 16612: soil load failed; cell 16613: soil load failed; cell 16614: soil load failed; cell 16615: soil load failed; cell 16616: soil load failed; cell 16741: soil load failed; cell 16742: soil load failed; cell 16743: soil load failed; cell 16744: soil load failed","2026-06-12 14:28:43"
"climate_change",2,350,72,50,49,1,1206.2,"cell 16927: soil load failed","2026-06-12 14:28:43"
"climate_change",2,350,73,50,48,2,1201,"cell 16947: soil load failed; cell 16968: soil load failed","2026-06-12 14:28:43"
"climate_change",2,350,74,50,48,2,1183,"cell 17283: soil load failed; cell 17294: soil load failed","2026-06-12 14:28:43"
"climate_change",2,350,75,50,48,2,1213.1,"cell 17458: soil load failed; cell 17481: soil load failed","2026-06-12 14:28:43"
"climate_change",2,350,76,50,49,1,1217.4,"cell 17660: soil load failed","2026-06-12 14:28:43"
"climate_change",2,350,77,50,50,0,1179.3,"","2026-06-12 14:28:43"
"climate_change",2,350,78,50,47,3,1062.5,"cell 18040: soil load failed; cell 18201: soil load failed; cell 18371: soil load failed","2026-06-12 14:28:43"
"climate_change",2,350,79,50,48,2,1034,"cell 18398: soil load failed; cell 18719: soil load failed","2026-06-12 14:28:43"
"climate_change",2,350,80,50,48,2,927.4,"cell 18908: soil load failed; cell 19080: soil load failed","2026-06-12 14:28:43"
"climate_change",2,350,81,50,50,0,961.2,"","2026-06-12 14:28:43"
"climate_change",2,350,82,50,47,3,915.1,"cell 19623: soil load failed; cell 19803: soil load failed; cell 19823: soil load failed","2026-06-12 14:28:43"
"climate_change",2,350,83,50,50,0,948.1,"","2026-06-12 14:28:43"
"climate_change",2,350,84,50,49,1,934.3,"cell 20889: soil load failed","2026-06-12 14:28:43"
"climate_change",2,350,85,50,49,1,955.7,"cell 21058: soil load failed","2026-06-12 14:28:43"
"climate_change",2,350,86,50,49,1,938.6,"cell 21599: soil load failed","2026-06-12 14:28:43"
"climate_change",2,350,87,50,49,1,920.8,"cell 22498: soil load failed","2026-06-12 14:28:43"
"climate_change",2,350,88,50,48,2,921.7,"cell 22857: soil load failed; cell 22858: soil load failed","2026-06-12 14:28:43"
"climate_change",2,350,89,50,50,0,950.9,"","2026-06-12 14:28:43"
"climate_change",2,350,90,50,50,0,957.6,"","2026-06-12 14:28:43"
"climate_change",2,350,91,50,42,8,808.6,"cell 25000: soil load failed; cell 25004: soil load failed; cell 25008: soil load failed; cell 25360: soil load failed; cell 25361: soil load failed; cell 25367: soil load failed; cell 25369: soil load failed; cell 25454: soil load failed","2026-06-12 14:28:43"
"climate_change",2,350,92,50,47,3,892.4,"cell 25536: soil load failed; cell 25718: soil load failed; cell 25898: soil load failed","2026-06-12 14:28:43"
"climate_change",2,350,93,50,43,7,829.7,"cell 26079: soil load failed; cell 26082: soil load failed; cell 26256: soil load failed; cell 26257: soil load failed; cell 26258: soil load failed; cell 26436: soil load failed; cell 26437: soil load failed","2026-06-12 14:28:43"
"climate_change",2,350,94,50,46,4,868.6,"cell 26609: soil load failed; cell 26616: soil load failed; cell 26618: soil load failed; cell 26787: soil load failed","2026-06-12 14:28:43"
"climate_change",2,350,95,50,47,3,889.5,"cell 26971: soil load failed; cell 27151: soil load failed; cell 27240: soil load failed","2026-06-12 14:28:43"
"climate_change",2,350,96,50,44,6,832.7,"cell 27503: soil load failed; cell 27516: soil load failed; cell 27682: soil load failed; cell 27692: soil load failed; cell 27695: soil load failed; cell 27696: soil load failed","2026-06-12 14:28:43"
"climate_change",2,350,97,50,48,2,915.6,"cell 27875: soil load failed; cell 28231: soil load failed","2026-06-12 14:28:43"
"climate_change",2,350,98,4,3,1,64.9,"cell 28411: soil load failed","2026-06-12 14:28:43"
"early_sowing",3,350,1,50,50,0,1238.6,"","2026-06-12 15:25:52"
"early_sowing",3,350,2,50,50,0,1253.8,"","2026-06-12 15:25:52"
"early_sowing",3,350,3,50,48,2,1193,"cell 1390: soil load failed; cell 1567: soil load failed","2026-06-12 15:25:52"
"early_sowing",3,350,4,50,49,1,1221.4,"cell 1773: soil load failed","2026-06-12 15:25:52"
"early_sowing",3,350,5,50,48,2,1233.1,"cell 2108: soil load failed; cell 2307: soil load failed","2026-06-12 15:25:52"
"early_sowing",3,350,6,50,49,1,1239.2,"cell 2663: soil load failed","2026-06-12 15:25:52"
"early_sowing",3,350,7,50,50,0,1267.3,"","2026-06-12 15:25:52"
"early_sowing",3,350,8,50,48,2,1242.5,"cell 3350: soil load failed; cell 3376: soil load failed","2026-06-12 15:25:52"
"early_sowing",3,350,9,50,48,2,1231.8,"cell 3908: soil load failed; cell 3925: soil load failed","2026-06-12 15:25:52"
"early_sowing",3,350,10,50,49,1,1244.9,"cell 4108: soil load failed","2026-06-12 15:25:52"
"early_sowing",3,350,11,50,48,2,1192.2,"cell 4287: soil load failed; cell 4447: soil load failed","2026-06-12 15:25:52"
"early_sowing",3,350,12,50,50,0,1272.9,"","2026-06-12 15:25:52"
"early_sowing",3,350,13,50,49,1,1252.4,"cell 4954: soil load failed","2026-06-12 15:25:52"
"early_sowing",3,350,14,50,49,1,1220.7,"cell 5006: soil load failed","2026-06-12 15:25:52"
"early_sowing",3,350,15,50,49,1,1220,"cell 5169: soil load failed","2026-06-12 15:25:52"
"early_sowing",3,350,16,50,50,0,1255.3,"","2026-06-12 15:25:52"
"early_sowing",3,350,17,50,49,1,1240.7,"cell 5545: soil load failed","2026-06-12 15:25:52"
"early_sowing",3,350,18,50,50,0,1265.9,"","2026-06-12 15:25:52"
"early_sowing",3,350,19,50,50,0,1274.6,"","2026-06-12 15:25:52"
"early_sowing",3,350,20,50,49,1,1254.5,"cell 6075: soil load failed","2026-06-12 15:25:52"
"early_sowing",3,350,21,50,50,0,1279.2,"","2026-06-12 15:25:52"
"early_sowing",3,350,22,50,31,19,798.1,"cell 6579: soil load failed; cell 6602: soil load failed; cell 6603: soil load failed; cell 6604: soil load failed; cell 6605: soil load failed; cell 6606: soil load failed; cell 6607: soil load failed; cell 6608: soil load failed; cell 6609: soil load failed; cell 6610: soil load failed; cell 6611: soil load failed; cell 6612: soil load failed; cell 6734: soil load failed; cell 6740: soil load failed; cell 6741: soil load failed; cell 6743: soil load failed; cell 6744: soil load failed; cell 6745: soil load failed; cell 6746: soil load failed","2026-06-12 15:25:52"
"early_sowing",3,350,23,50,22,28,572.9,"cell 6747: soil load failed; cell 6748: soil load failed; cell 6749: soil load failed; cell 6750: soil load failed; cell 6751: soil load failed; cell 6752: soil load failed; cell 6753: soil load failed; cell 6754: soil load failed; cell 6755: soil load failed; cell 6758: soil load failed; cell 6759: soil load failed; cell 6760: soil load failed; cell 6761: soil load failed; cell 6762: soil load failed; cell 6763: soil load failed; cell 6764: soil load failed; cell 6766: soil load failed; cell 6767: soil load failed; cell 6768: soil load failed; cell 6769: soil load failed; cell 6770: soil load failed; cell 6772: soil load failed; cell 6776: soil load failed; cell 6777: soil load failed; cell 6778: soil load failed; cell 6779: soil load failed; cell 6780: soil load failed; cell 6794: soil load failed","2026-06-12 15:25:52"
"early_sowing",3,350,24,50,49,1,1251.8,"cell 6973: soil load failed","2026-06-12 15:25:52"
"early_sowing",3,350,25,50,49,1,1245.5,"cell 7137: soil load failed","2026-06-12 15:25:52"
"early_sowing",3,350,26,50,50,0,1257,"","2026-06-12 15:25:52"
"early_sowing",3,350,27,50,47,3,1188.2,"cell 7489: soil load failed; cell 7505: soil load failed; cell 7507: soil load failed","2026-06-12 15:25:52"
"early_sowing",3,350,28,50,50,0,1254.6,"","2026-06-12 15:25:52"
"early_sowing",3,350,29,50,49,1,1227,"cell 7829: soil load failed","2026-06-12 15:25:52"
"early_sowing",3,350,30,50,49,1,1245.3,"cell 8037: soil load failed","2026-06-12 15:25:52"
"early_sowing",3,350,31,50,48,2,1209.6,"cell 8203: soil load failed; cell 8355: soil load failed","2026-06-12 15:25:52"
"early_sowing",3,350,32,50,49,1,1230.7,"cell 8544: soil load failed","2026-06-12 15:25:52"
"early_sowing",3,350,33,50,49,1,1262.8,"cell 8737: soil load failed","2026-06-12 15:25:52"
"early_sowing",3,350,34,50,47,3,1205.2,"cell 8745: soil load failed; cell 8890: soil load failed; cell 8901: soil load failed","2026-06-12 15:25:52"
"early_sowing",3,350,35,50,49,1,1246.4,"cell 9068: soil load failed","2026-06-12 15:25:52"
"early_sowing",3,350,36,50,50,0,1292.4,"","2026-06-12 15:25:52"
"early_sowing",3,350,37,50,50,0,1268.8,"","2026-06-12 15:25:52"
"early_sowing",3,350,38,50,50,0,1305,"","2026-06-12 15:25:52"
"early_sowing",3,350,39,50,49,1,1242.9,"cell 9809: soil load failed","2026-06-12 15:25:52"
"early_sowing",3,350,40,50,50,0,1262.3,"","2026-06-12 15:25:52"
"early_sowing",3,350,41,50,50,0,1255.4,"","2026-06-12 15:25:52"
"early_sowing",3,350,42,50,49,1,1219.9,"cell 10349: soil load failed","2026-06-12 15:25:52"
"early_sowing",3,350,43,50,50,0,1216.8,"","2026-06-12 15:25:52"
"early_sowing",3,350,44,50,50,0,1242.3,"","2026-06-12 15:25:52"
"early_sowing",3,350,45,50,50,0,1228.3,"","2026-06-12 15:25:52"
"early_sowing",3,350,46,50,48,2,1200.2,"cell 11248: soil load failed; cell 11390: soil load failed","2026-06-12 15:25:52"
"early_sowing",3,350,47,50,50,0,1251.4,"","2026-06-12 15:25:52"
"early_sowing",3,350,48,50,48,2,1175.7,"cell 11606: soil load failed; cell 11614: soil load failed","2026-06-12 15:25:52"
"early_sowing",3,350,49,50,50,0,1268.4,"","2026-06-12 15:25:52"
"early_sowing",3,350,50,50,49,1,1236.4,"cell 12138: soil load failed","2026-06-12 15:25:52"
"early_sowing",3,350,51,50,49,1,1219.2,"cell 12467: soil load failed","2026-06-12 15:25:52"
"early_sowing",3,350,52,50,49,1,1243,"cell 12648: soil load failed","2026-06-12 15:25:52"
"early_sowing",3,350,53,50,49,1,1211.8,"cell 12656: soil load failed","2026-06-12 15:25:52"
"early_sowing",3,350,54,50,49,1,1251.5,"cell 13016: soil load failed","2026-06-12 15:25:52"
"early_sowing",3,350,55,50,47,3,1176.2,"cell 13180: soil load failed; cell 13211: soil load failed; cell 13371: soil load failed","2026-06-12 15:25:52"
"early_sowing",3,350,56,50,50,0,1265.7,"","2026-06-12 15:25:52"
"early_sowing",3,350,57,50,48,2,1239.3,"cell 13577: soil load failed; cell 13882: soil load failed","2026-06-12 15:25:52"
"early_sowing",3,350,58,50,50,0,1271.2,"","2026-06-12 15:25:52"
"early_sowing",3,350,59,50,48,2,1179.6,"cell 14107: soil load failed; cell 14268: soil load failed","2026-06-12 15:25:52"
"early_sowing",3,350,60,50,48,2,1228.8,"cell 14287: soil load failed; cell 14417: soil load failed","2026-06-12 15:25:52"
"early_sowing",3,350,61,50,50,0,1253.1,"","2026-06-12 15:25:52"
"early_sowing",3,350,62,50,50,0,1284.2,"","2026-06-12 15:25:52"
"early_sowing",3,350,63,50,49,1,1229.3,"cell 15138: soil load failed","2026-06-12 15:25:52"
"early_sowing",3,350,64,50,50,0,1254.8,"","2026-06-12 15:25:52"
"early_sowing",3,350,65,50,49,1,1231,"cell 15497: soil load failed","2026-06-12 15:25:52"
"early_sowing",3,350,66,50,49,1,1262.3,"cell 15669: soil load failed","2026-06-12 15:25:52"
"early_sowing",3,350,67,50,49,1,1234.3,"cell 15712: soil load failed","2026-06-12 15:25:52"
"early_sowing",3,350,68,50,50,0,1267.4,"","2026-06-12 15:25:52"
"early_sowing",3,350,69,50,49,1,1226.3,"cell 16222: soil load failed","2026-06-12 15:25:52"
"early_sowing",3,350,70,50,50,0,1264.3,"","2026-06-12 15:25:52"
"early_sowing",3,350,71,50,10,40,251.4,"cell 16437: soil load failed; cell 16568: soil load failed; cell 16569: soil load failed; cell 16570: soil load failed; cell 16571: soil load failed; cell 16572: soil load failed; cell 16573: soil load failed; cell 16574: soil load failed; cell 16575: soil load failed; cell 16576: soil load failed; cell 16580: soil load failed; cell 16583: soil load failed; cell 16584: soil load failed; cell 16585: soil load failed; cell 16586: soil load failed; cell 16587: soil load failed; cell 16588: soil load failed; cell 16591: soil load failed; cell 16598: soil load failed; cell 16600: soil load failed; cell 16601: soil load failed; cell 16602: soil load failed; cell 16603: soil load failed; cell 16604: soil load failed; cell 16605: soil load failed; cell 16606: soil load failed; cell 16607: soil load failed; cell 16608: soil load failed; cell 16609: soil load failed; cell 16610: soil load failed; cell 16611: soil load failed; cell 16612: soil load failed; cell 16613: soil load failed; cell 16614: soil load failed; cell 16615: soil load failed; cell 16616: soil load failed; cell 16741: soil load failed; cell 16742: soil load failed; cell 16743: soil load failed; cell 16744: soil load failed","2026-06-12 15:25:52"
"early_sowing",3,350,72,50,49,1,1205.7,"cell 16927: soil load failed","2026-06-12 15:25:52"
"early_sowing",3,350,73,50,48,2,1197.7,"cell 16947: soil load failed; cell 16968: soil load failed","2026-06-12 15:25:52"
"early_sowing",3,350,74,50,48,2,1197.7,"cell 17283: soil load failed; cell 17294: soil load failed","2026-06-12 15:25:52"
"early_sowing",3,350,75,50,48,2,1205.8,"cell 17458: soil load failed; cell 17481: soil load failed","2026-06-12 15:25:52"
"early_sowing",3,350,76,50,49,1,1231.6,"cell 17660: soil load failed","2026-06-12 15:25:52"
"early_sowing",3,350,77,50,50,0,1181.9,"","2026-06-12 15:25:52"
"early_sowing",3,350,78,50,47,3,1084.4,"cell 18040: soil load failed; cell 18201: soil load failed; cell 18371: soil load failed","2026-06-12 15:25:52"
"early_sowing",3,350,79,50,48,2,1031.7,"cell 18398: soil load failed; cell 18719: soil load failed","2026-06-12 15:25:52"
"early_sowing",3,350,80,50,48,2,936.4,"cell 18908: soil load failed; cell 19080: soil load failed","2026-06-12 15:25:52"
"early_sowing",3,350,81,50,50,0,984.7,"","2026-06-12 15:25:52"
"early_sowing",3,350,82,50,47,3,913.9,"cell 19623: soil load failed; cell 19803: soil load failed; cell 19823: soil load failed","2026-06-12 15:25:52"
"early_sowing",3,350,83,50,50,0,977.6,"","2026-06-12 15:25:52"
"early_sowing",3,350,84,50,49,1,973.9,"cell 20889: soil load failed","2026-06-12 15:25:52"
"early_sowing",3,350,85,50,49,1,953,"cell 21058: soil load failed","2026-06-12 15:25:52"
"early_sowing",3,350,86,50,49,1,937,"cell 21599: soil load failed","2026-06-12 15:25:52"
"early_sowing",3,350,87,50,49,1,947.2,"cell 22498: soil load failed","2026-06-12 15:25:52"
"early_sowing",3,350,88,50,48,2,912.1,"cell 22857: soil load failed; cell 22858: soil load failed","2026-06-12 15:25:52"
"early_sowing",3,350,89,50,50,0,949.6,"","2026-06-12 15:25:52"
"early_sowing",3,350,90,50,50,0,969,"","2026-06-12 15:25:52"
"early_sowing",3,350,91,50,42,8,820.2,"cell 25000: soil load failed; cell 25004: soil load failed; cell 25008: soil load failed; cell 25360: soil load failed; cell 25361: soil load failed; cell 25367: soil load failed; cell 25369: soil load failed; cell 25454: soil load failed","2026-06-12 15:25:52"
"early_sowing",3,350,92,50,47,3,906.5,"cell 25536: soil load failed; cell 25718: soil load failed; cell 25898: soil load failed","2026-06-12 15:25:52"
"early_sowing",3,350,93,50,43,7,832.7,"cell 26079: soil load failed; cell 26082: soil load failed; cell 26256: soil load failed; cell 26257: soil load failed; cell 26258: soil load failed; cell 26436: soil load failed; cell 26437: soil load failed","2026-06-12 15:25:52"
"early_sowing",3,350,94,50,46,4,886.2,"cell 26609: soil load failed; cell 26616: soil load failed; cell 26618: soil load failed; cell 26787: soil load failed","2026-06-12 15:25:52"
"early_sowing",3,350,95,50,47,3,902,"cell 26971: soil load failed; cell 27151: soil load failed; cell 27240: soil load failed","2026-06-12 15:25:52"
"early_sowing",3,350,96,50,44,6,861.4,"cell 27503: soil load failed; cell 27516: soil load failed; cell 27682: soil load failed; cell 27692: soil load failed; cell 27695: soil load failed; cell 27696: soil load failed","2026-06-12 15:25:52"
"early_sowing",3,350,97,50,48,2,900,"cell 27875: soil load failed; cell 28231: soil load failed","2026-06-12 15:25:52"
"early_sowing",3,350,98,4,3,1,62.8,"cell 28411: soil load failed","2026-06-12 15:25:52"
"longer_mat",4,350,1,50,50,0,1285.4,"","2026-06-12 16:23:53"
"longer_mat",4,350,2,50,50,0,1280,"","2026-06-12 16:23:53"
"longer_mat",4,350,3,50,48,2,1244,"cell 1390: soil load failed; cell 1567: soil load failed","2026-06-12 16:23:53"
"longer_mat",4,350,4,50,49,1,1260.2,"cell 1773: soil load failed","2026-06-12 16:23:53"
"longer_mat",4,350,5,50,48,2,1229.7,"cell 2108: soil load failed; cell 2307: soil load failed","2026-06-12 16:23:53"
"longer_mat",4,350,6,50,49,1,1253.5,"cell 2663: soil load failed","2026-06-12 16:23:53"
"longer_mat",4,350,7,50,50,0,1297.3,"","2026-06-12 16:23:53"
"longer_mat",4,350,8,50,48,2,1225.1,"cell 3350: soil load failed; cell 3376: soil load failed","2026-06-12 16:23:53"
"longer_mat",4,350,9,50,48,2,1251.7,"cell 3908: soil load failed; cell 3925: soil load failed","2026-06-12 16:23:53"
"longer_mat",4,350,10,50,49,1,1282.7,"cell 4108: soil load failed","2026-06-12 16:23:53"
"longer_mat",4,350,11,50,48,2,1234.2,"cell 4287: soil load failed; cell 4447: soil load failed","2026-06-12 16:23:53"
"longer_mat",4,350,12,50,50,0,1300.1,"","2026-06-12 16:23:53"
"longer_mat",4,350,13,50,49,1,1281,"cell 4954: soil load failed","2026-06-12 16:23:53"
"longer_mat",4,350,14,50,49,1,1245.5,"cell 5006: soil load failed","2026-06-12 16:23:53"
"longer_mat",4,350,15,50,49,1,1245.8,"cell 5169: soil load failed","2026-06-12 16:23:53"
"longer_mat",4,350,16,50,50,0,1306.5,"","2026-06-12 16:23:53"
"longer_mat",4,350,17,50,49,1,1228.3,"cell 5545: soil load failed","2026-06-12 16:23:53"
"longer_mat",4,350,18,50,50,0,1304.2,"","2026-06-12 16:23:53"
"longer_mat",4,350,19,50,50,0,1306.9,"","2026-06-12 16:23:53"
"longer_mat",4,350,20,50,49,1,1288.3,"cell 6075: soil load failed","2026-06-12 16:23:53"
"longer_mat",4,350,21,50,50,0,1296.9,"","2026-06-12 16:23:53"
"longer_mat",4,350,22,50,31,19,795.4,"cell 6579: soil load failed; cell 6602: soil load failed; cell 6603: soil load failed; cell 6604: soil load failed; cell 6605: soil load failed; cell 6606: soil load failed; cell 6607: soil load failed; cell 6608: soil load failed; cell 6609: soil load failed; cell 6610: soil load failed; cell 6611: soil load failed; cell 6612: soil load failed; cell 6734: soil load failed; cell 6740: soil load failed; cell 6741: soil load failed; cell 6743: soil load failed; cell 6744: soil load failed; cell 6745: soil load failed; cell 6746: soil load failed","2026-06-12 16:23:53"
"longer_mat",4,350,23,50,22,28,567,"cell 6747: soil load failed; cell 6748: soil load failed; cell 6749: soil load failed; cell 6750: soil load failed; cell 6751: soil load failed; cell 6752: soil load failed; cell 6753: soil load failed; cell 6754: soil load failed; cell 6755: soil load failed; cell 6758: soil load failed; cell 6759: soil load failed; cell 6760: soil load failed; cell 6761: soil load failed; cell 6762: soil load failed; cell 6763: soil load failed; cell 6764: soil load failed; cell 6766: soil load failed; cell 6767: soil load failed; cell 6768: soil load failed; cell 6769: soil load failed; cell 6770: soil load failed; cell 6772: soil load failed; cell 6776: soil load failed; cell 6777: soil load failed; cell 6778: soil load failed; cell 6779: soil load failed; cell 6780: soil load failed; cell 6794: soil load failed","2026-06-12 16:23:53"
"longer_mat",4,350,24,50,49,1,1271.9,"cell 6973: soil load failed","2026-06-12 16:23:53"
"longer_mat",4,350,25,50,49,1,1240.5,"cell 7137: soil load failed","2026-06-12 16:23:53"
"longer_mat",4,350,26,50,50,0,1283.8,"","2026-06-12 16:23:53"
"longer_mat",4,350,27,50,47,3,1196.6,"cell 7489: soil load failed; cell 7505: soil load failed; cell 7507: soil load failed","2026-06-12 16:23:53"
"longer_mat",4,350,28,50,50,0,1297.4,"","2026-06-12 16:23:53"
"longer_mat",4,350,29,50,49,1,1272.9,"cell 7829: soil load failed","2026-06-12 16:23:53"
"longer_mat",4,350,30,50,49,1,1270.8,"cell 8037: soil load failed","2026-06-12 16:23:53"
"longer_mat",4,350,31,50,48,2,1254.9,"cell 8203: soil load failed; cell 8355: soil load failed","2026-06-12 16:23:53"
"longer_mat",4,350,32,50,49,1,1270.4,"cell 8544: soil load failed","2026-06-12 16:23:53"
"longer_mat",4,350,33,50,49,1,1247.7,"cell 8737: soil load failed","2026-06-12 16:23:53"
"longer_mat",4,350,34,50,47,3,1228.2,"cell 8745: soil load failed; cell 8890: soil load failed; cell 8901: soil load failed","2026-06-12 16:23:53"
"longer_mat",4,350,35,50,49,1,1245.7,"cell 9068: soil load failed","2026-06-12 16:23:53"
"longer_mat",4,350,36,50,50,0,1310.2,"","2026-06-12 16:23:53"
"longer_mat",4,350,37,50,50,0,1277.4,"","2026-06-12 16:23:53"
"longer_mat",4,350,38,50,50,0,1285.7,"","2026-06-12 16:23:53"
"longer_mat",4,350,39,50,49,1,1236.7,"cell 9809: soil load failed","2026-06-12 16:23:53"
"longer_mat",4,350,40,50,50,0,1265.4,"","2026-06-12 16:23:53"
"longer_mat",4,350,41,50,50,0,1256.4,"","2026-06-12 16:23:53"
"longer_mat",4,350,42,50,49,1,1239.2,"cell 10349: soil load failed","2026-06-12 16:23:53"
"longer_mat",4,350,43,50,50,0,1314.9,"","2026-06-12 16:23:53"
"longer_mat",4,350,44,50,50,0,1283.9,"","2026-06-12 16:23:53"
"longer_mat",4,350,45,50,50,0,1282.5,"","2026-06-12 16:23:53"
"longer_mat",4,350,46,50,48,2,1224.8,"cell 11248: soil load failed; cell 11390: soil load failed","2026-06-12 16:23:53"
"longer_mat",4,350,47,50,50,0,1314.2,"","2026-06-12 16:23:53"
"longer_mat",4,350,48,50,48,2,1209.9,"cell 11606: soil load failed; cell 11614: soil load failed","2026-06-12 16:23:53"
"longer_mat",4,350,49,50,50,0,1282.9,"","2026-06-12 16:23:53"
"longer_mat",4,350,50,50,49,1,1223.7,"cell 12138: soil load failed","2026-06-12 16:23:53"
"longer_mat",4,350,51,50,49,1,1250.5,"cell 12467: soil load failed","2026-06-12 16:23:53"
"longer_mat",4,350,52,50,49,1,1264.5,"cell 12648: soil load failed","2026-06-12 16:23:53"
"longer_mat",4,350,53,50,49,1,1240,"cell 12656: soil load failed","2026-06-12 16:23:53"
"longer_mat",4,350,54,50,49,1,1258.4,"cell 13016: soil load failed","2026-06-12 16:23:53"
"longer_mat",4,350,55,50,47,3,1213.8,"cell 13180: soil load failed; cell 13211: soil load failed; cell 13371: soil load failed","2026-06-12 16:23:53"
"longer_mat",4,350,56,50,50,0,1262.2,"","2026-06-12 16:23:53"
"longer_mat",4,350,57,50,48,2,1241.2,"cell 13577: soil load failed; cell 13882: soil load failed","2026-06-12 16:23:53"
"longer_mat",4,350,58,50,50,0,1304.6,"","2026-06-12 16:23:53"
"longer_mat",4,350,59,50,48,2,1235,"cell 14107: soil load failed; cell 14268: soil load failed","2026-06-12 16:23:53"
"longer_mat",4,350,60,50,48,2,1234.2,"cell 14287: soil load failed; cell 14417: soil load failed","2026-06-12 16:23:53"
"longer_mat",4,350,61,50,50,0,1273.1,"","2026-06-12 16:23:53"
"longer_mat",4,350,62,50,50,0,1291.3,"","2026-06-12 16:23:53"
"longer_mat",4,350,63,50,49,1,1260.6,"cell 15138: soil load failed","2026-06-12 16:23:53"
"longer_mat",4,350,64,50,50,0,1306.3,"","2026-06-12 16:23:53"
"longer_mat",4,350,65,50,49,1,1230.8,"cell 15497: soil load failed","2026-06-12 16:23:53"
"longer_mat",4,350,66,50,49,1,1256.5,"cell 15669: soil load failed","2026-06-12 16:23:53"
"longer_mat",4,350,67,50,49,1,1258,"cell 15712: soil load failed","2026-06-12 16:23:53"
"longer_mat",4,350,68,50,50,0,1299,"","2026-06-12 16:23:53"
"longer_mat",4,350,69,50,49,1,1262.7,"cell 16222: soil load failed","2026-06-12 16:23:53"
"longer_mat",4,350,70,50,50,0,1296.2,"","2026-06-12 16:23:53"
"longer_mat",4,350,71,50,10,40,261.1,"cell 16437: soil load failed; cell 16568: soil load failed; cell 16569: soil load failed; cell 16570: soil load failed; cell 16571: soil load failed; cell 16572: soil load failed; cell 16573: soil load failed; cell 16574: soil load failed; cell 16575: soil load failed; cell 16576: soil load failed; cell 16580: soil load failed; cell 16583: soil load failed; cell 16584: soil load failed; cell 16585: soil load failed; cell 16586: soil load failed; cell 16587: soil load failed; cell 16588: soil load failed; cell 16591: soil load failed; cell 16598: soil load failed; cell 16600: soil load failed; cell 16601: soil load failed; cell 16602: soil load failed; cell 16603: soil load failed; cell 16604: soil load failed; cell 16605: soil load failed; cell 16606: soil load failed; cell 16607: soil load failed; cell 16608: soil load failed; cell 16609: soil load failed; cell 16610: soil load failed; cell 16611: soil load failed; cell 16612: soil load failed; cell 16613: soil load failed; cell 16614: soil load failed; cell 16615: soil load failed; cell 16616: soil load failed; cell 16741: soil load failed; cell 16742: soil load failed; cell 16743: soil load failed; cell 16744: soil load failed","2026-06-12 16:23:53"
"longer_mat",4,350,72,50,49,1,1280.1,"cell 16927: soil load failed","2026-06-12 16:23:53"
"longer_mat",4,350,73,50,48,2,1222.5,"cell 16947: soil load failed; cell 16968: soil load failed","2026-06-12 16:23:53"
"longer_mat",4,350,74,50,48,2,1238.9,"cell 17283: soil load failed; cell 17294: soil load failed","2026-06-12 16:23:53"
"longer_mat",4,350,75,50,48,2,1217,"cell 17458: soil load failed; cell 17481: soil load failed","2026-06-12 16:23:53"
"longer_mat",4,350,76,50,49,1,1248.5,"cell 17660: soil load failed","2026-06-12 16:23:53"
"longer_mat",4,350,77,50,50,0,1203.6,"","2026-06-12 16:23:53"
"longer_mat",4,350,78,50,47,3,1100.2,"cell 18040: soil load failed; cell 18201: soil load failed; cell 18371: soil load failed","2026-06-12 16:23:53"
"longer_mat",4,350,79,50,48,2,1058.3,"cell 18398: soil load failed; cell 18719: soil load failed","2026-06-12 16:23:53"
"longer_mat",4,350,80,50,48,2,949.2,"cell 18908: soil load failed; cell 19080: soil load failed","2026-06-12 16:23:53"
"longer_mat",4,350,81,50,50,0,982.8,"","2026-06-12 16:23:53"
"longer_mat",4,350,82,50,47,3,925,"cell 19623: soil load failed; cell 19803: soil load failed; cell 19823: soil load failed","2026-06-12 16:23:53"
"longer_mat",4,350,83,50,50,0,973.5,"","2026-06-12 16:23:53"
"longer_mat",4,350,84,50,49,1,951.7,"cell 20889: soil load failed","2026-06-12 16:23:53"
"longer_mat",4,350,85,50,49,1,951.4,"cell 21058: soil load failed","2026-06-12 16:23:53"
"longer_mat",4,350,86,50,49,1,946.1,"cell 21599: soil load failed","2026-06-12 16:23:53"
"longer_mat",4,350,87,50,49,1,947.4,"cell 22498: soil load failed","2026-06-12 16:23:53"
"longer_mat",4,350,88,50,48,2,929.1,"cell 22857: soil load failed; cell 22858: soil load failed","2026-06-12 16:23:53"
"longer_mat",4,350,89,50,50,0,960.4,"","2026-06-12 16:23:53"
"longer_mat",4,350,90,50,50,0,961.8,"","2026-06-12 16:23:53"
"longer_mat",4,350,91,50,42,8,818.2,"cell 25000: soil load failed; cell 25004: soil load failed; cell 25008: soil load failed; cell 25360: soil load failed; cell 25361: soil load failed; cell 25367: soil load failed; cell 25369: soil load failed; cell 25454: soil load failed","2026-06-12 16:23:53"
"longer_mat",4,350,92,50,47,3,908.8,"cell 25536: soil load failed; cell 25718: soil load failed; cell 25898: soil load failed","2026-06-12 16:23:53"
"longer_mat",4,350,93,50,43,7,837.3,"cell 26079: soil load failed; cell 26082: soil load failed; cell 26256: soil load failed; cell 26257: soil load failed; cell 26258: soil load failed; cell 26436: soil load failed; cell 26437: soil load failed","2026-06-12 16:23:53"
"longer_mat",4,350,94,50,46,4,908.7,"cell 26609: soil load failed; cell 26616: soil load failed; cell 26618: soil load failed; cell 26787: soil load failed","2026-06-12 16:23:53"
"longer_mat",4,350,95,50,47,3,905.9,"cell 26971: soil load failed; cell 27151: soil load failed; cell 27240: soil load failed","2026-06-12 16:23:53"
"longer_mat",4,350,96,50,44,6,862,"cell 27503: soil load failed; cell 27516: soil load failed; cell 27682: soil load failed; cell 27692: soil load failed; cell 27695: soil load failed; cell 27696: soil load failed","2026-06-12 16:23:53"
"longer_mat",4,350,97,50,48,2,920.4,"cell 27875: soil load failed; cell 28231: soil load failed","2026-06-12 16:23:53"
"longer_mat",4,350,98,4,3,1,62.7,"cell 28411: soil load failed","2026-06-12 16:23:53"
"early_sowing_longer_mat",5,350,1,50,50,0,1275.7,"","2026-06-12 17:22:17"
"early_sowing_longer_mat",5,350,2,50,50,0,1276.5,"","2026-06-12 17:22:17"
"early_sowing_longer_mat",5,350,3,50,48,2,1198.5,"cell 1390: soil load failed; cell 1567: soil load failed","2026-06-12 17:22:17"
"early_sowing_longer_mat",5,350,4,50,49,1,1217.2,"cell 1773: soil load failed","2026-06-12 17:22:17"
"early_sowing_longer_mat",5,350,5,50,48,2,1250.9,"cell 2108: soil load failed; cell 2307: soil load failed","2026-06-12 17:22:17"
"early_sowing_longer_mat",5,350,6,50,49,1,1287.7,"cell 2663: soil load failed","2026-06-12 17:22:17"
"early_sowing_longer_mat",5,350,7,50,50,0,1294.5,"","2026-06-12 17:22:17"
"early_sowing_longer_mat",5,350,8,50,48,2,1238.3,"cell 3350: soil load failed; cell 3376: soil load failed","2026-06-12 17:22:17"
"early_sowing_longer_mat",5,350,9,50,48,2,1284,"cell 3908: soil load failed; cell 3925: soil load failed","2026-06-12 17:22:17"
"early_sowing_longer_mat",5,350,10,50,49,1,1271.9,"cell 4108: soil load failed","2026-06-12 17:22:17"
"early_sowing_longer_mat",5,350,11,50,48,2,1247.9,"cell 4287: soil load failed; cell 4447: soil load failed","2026-06-12 17:22:17"
"early_sowing_longer_mat",5,350,12,50,50,0,1320.6,"","2026-06-12 17:22:17"
"early_sowing_longer_mat",5,350,13,50,49,1,1301.8,"cell 4954: soil load failed","2026-06-12 17:22:17"
"early_sowing_longer_mat",5,350,14,50,49,1,1308.3,"cell 5006: soil load failed","2026-06-12 17:22:17"
"early_sowing_longer_mat",5,350,15,50,49,1,1286.8,"cell 5169: soil load failed","2026-06-12 17:22:17"
"early_sowing_longer_mat",5,350,16,50,50,0,1334.3,"","2026-06-12 17:22:17"
"early_sowing_longer_mat",5,350,17,50,49,1,1308.4,"cell 5545: soil load failed","2026-06-12 17:22:17"
"early_sowing_longer_mat",5,350,18,50,50,0,1305.9,"","2026-06-12 17:22:17"
"early_sowing_longer_mat",5,350,19,50,50,0,1316.4,"","2026-06-12 17:22:17"
"early_sowing_longer_mat",5,350,20,50,49,1,1291.5,"cell 6075: soil load failed","2026-06-12 17:22:17"
"early_sowing_longer_mat",5,350,21,50,50,0,1326.9,"","2026-06-12 17:22:17"
"early_sowing_longer_mat",5,350,22,50,31,19,819,"cell 6579: soil load failed; cell 6602: soil load failed; cell 6603: soil load failed; cell 6604: soil load failed; cell 6605: soil load failed; cell 6606: soil load failed; cell 6607: soil load failed; cell 6608: soil load failed; cell 6609: soil load failed; cell 6610: soil load failed; cell 6611: soil load failed; cell 6612: soil load failed; cell 6734: soil load failed; cell 6740: soil load failed; cell 6741: soil load failed; cell 6743: soil load failed; cell 6744: soil load failed; cell 6745: soil load failed; cell 6746: soil load failed","2026-06-12 17:22:17"
"early_sowing_longer_mat",5,350,23,50,22,28,563.4,"cell 6747: soil load failed; cell 6748: soil load failed; cell 6749: soil load failed; cell 6750: soil load failed; cell 6751: soil load failed; cell 6752: soil load failed; cell 6753: soil load failed; cell 6754: soil load failed; cell 6755: soil load failed; cell 6758: soil load failed; cell 6759: soil load failed; cell 6760: soil load failed; cell 6761: soil load failed; cell 6762: soil load failed; cell 6763: soil load failed; cell 6764: soil load failed; cell 6766: soil load failed; cell 6767: soil load failed; cell 6768: soil load failed; cell 6769: soil load failed; cell 6770: soil load failed; cell 6772: soil load failed; cell 6776: soil load failed; cell 6777: soil load failed; cell 6778: soil load failed; cell 6779: soil load failed; cell 6780: soil load failed; cell 6794: soil load failed","2026-06-12 17:22:17"
"early_sowing_longer_mat",5,350,24,50,49,1,1310.5,"cell 6973: soil load failed","2026-06-12 17:22:17"
"early_sowing_longer_mat",5,350,25,50,49,1,1270,"cell 7137: soil load failed","2026-06-12 17:22:17"
"early_sowing_longer_mat",5,350,26,50,50,0,1335.5,"","2026-06-12 17:22:17"
"early_sowing_longer_mat",5,350,27,50,47,3,1221.4,"cell 7489: soil load failed; cell 7505: soil load failed; cell 7507: soil load failed","2026-06-12 17:22:17"
"early_sowing_longer_mat",5,350,28,50,50,0,1284.2,"","2026-06-12 17:22:17"
"early_sowing_longer_mat",5,350,29,50,49,1,1270.7,"cell 7829: soil load failed","2026-06-12 17:22:17"
"early_sowing_longer_mat",5,350,30,50,49,1,1264.6,"cell 8037: soil load failed","2026-06-12 17:22:17"
"early_sowing_longer_mat",5,350,31,50,48,2,1230.6,"cell 8203: soil load failed; cell 8355: soil load failed","2026-06-12 17:22:17"
"early_sowing_longer_mat",5,350,32,50,49,1,1319.2,"cell 8544: soil load failed","2026-06-12 17:22:17"
"early_sowing_longer_mat",5,350,33,50,49,1,1286.2,"cell 8737: soil load failed","2026-06-12 17:22:17"
"early_sowing_longer_mat",5,350,34,50,47,3,1215.2,"cell 8745: soil load failed; cell 8890: soil load failed; cell 8901: soil load failed","2026-06-12 17:22:17"
"early_sowing_longer_mat",5,350,35,50,49,1,1282.6,"cell 9068: soil load failed","2026-06-12 17:22:17"
"early_sowing_longer_mat",5,350,36,50,50,0,1341.3,"","2026-06-12 17:22:17"
"early_sowing_longer_mat",5,350,37,50,50,0,1311.2,"","2026-06-12 17:22:17"
"early_sowing_longer_mat",5,350,38,50,50,0,1319,"","2026-06-12 17:22:17"
"early_sowing_longer_mat",5,350,39,50,49,1,1273.7,"cell 9809: soil load failed","2026-06-12 17:22:17"
"early_sowing_longer_mat",5,350,40,50,50,0,1284.8,"","2026-06-12 17:22:17"
"early_sowing_longer_mat",5,350,41,50,50,0,1264.8,"","2026-06-12 17:22:17"
"early_sowing_longer_mat",5,350,42,50,49,1,1272.6,"cell 10349: soil load failed","2026-06-12 17:22:17"
"early_sowing_longer_mat",5,350,43,50,50,0,1284.2,"","2026-06-12 17:22:17"
"early_sowing_longer_mat",5,350,44,50,50,0,1278.7,"","2026-06-12 17:22:17"
"early_sowing_longer_mat",5,350,45,50,50,0,1288.2,"","2026-06-12 17:22:17"
"early_sowing_longer_mat",5,350,46,50,48,2,1241.7,"cell 11248: soil load failed; cell 11390: soil load failed","2026-06-12 17:22:17"
"early_sowing_longer_mat",5,350,47,50,50,0,1267.5,"","2026-06-12 17:22:17"
"early_sowing_longer_mat",5,350,48,50,48,2,1225.5,"cell 11606: soil load failed; cell 11614: soil load failed","2026-06-12 17:22:17"
"early_sowing_longer_mat",5,350,49,50,50,0,1282.7,"","2026-06-12 17:22:17"
"early_sowing_longer_mat",5,350,50,50,49,1,1275.9,"cell 12138: soil load failed","2026-06-12 17:22:17"
"early_sowing_longer_mat",5,350,51,50,49,1,1266.6,"cell 12467: soil load failed","2026-06-12 17:22:17"
"early_sowing_longer_mat",5,350,52,50,49,1,1262.8,"cell 12648: soil load failed","2026-06-12 17:22:17"
"early_sowing_longer_mat",5,350,53,50,49,1,1256.9,"cell 12656: soil load failed","2026-06-12 17:22:17"
"early_sowing_longer_mat",5,350,54,50,49,1,1257.9,"cell 13016: soil load failed","2026-06-12 17:22:17"
"early_sowing_longer_mat",5,350,55,50,47,3,1216.9,"cell 13180: soil load failed; cell 13211: soil load failed; cell 13371: soil load failed","2026-06-12 17:22:17"
"early_sowing_longer_mat",5,350,56,50,50,0,1276,"","2026-06-12 17:22:17"
"early_sowing_longer_mat",5,350,57,50,48,2,1231.8,"cell 13577: soil load failed; cell 13882: soil load failed","2026-06-12 17:22:17"
"early_sowing_longer_mat",5,350,58,50,50,0,1283.3,"","2026-06-12 17:22:17"
"early_sowing_longer_mat",5,350,59,50,48,2,1236.5,"cell 14107: soil load failed; cell 14268: soil load failed","2026-06-12 17:22:17"
"early_sowing_longer_mat",5,350,60,50,48,2,1248.5,"cell 14287: soil load failed; cell 14417: soil load failed","2026-06-12 17:22:17"
"early_sowing_longer_mat",5,350,61,50,50,0,1280.2,"","2026-06-12 17:22:17"
"early_sowing_longer_mat",5,350,62,50,50,0,1275.1,"","2026-06-12 17:22:17"
"early_sowing_longer_mat",5,350,63,50,49,1,1250.9,"cell 15138: soil load failed","2026-06-12 17:22:17"
"early_sowing_longer_mat",5,350,64,50,50,0,1290.5,"","2026-06-12 17:22:17"
"early_sowing_longer_mat",5,350,65,50,49,1,1239.7,"cell 15497: soil load failed","2026-06-12 17:22:17"
"early_sowing_longer_mat",5,350,66,50,49,1,1278.9,"cell 15669: soil load failed","2026-06-12 17:22:17"
"early_sowing_longer_mat",5,350,67,50,49,1,1256.1,"cell 15712: soil load failed","2026-06-12 17:22:17"
"early_sowing_longer_mat",5,350,68,50,50,0,1282.3,"","2026-06-12 17:22:17"
"early_sowing_longer_mat",5,350,69,50,49,1,1256.3,"cell 16222: soil load failed","2026-06-12 17:22:17"
"early_sowing_longer_mat",5,350,70,50,50,0,1277.5,"","2026-06-12 17:22:17"
"early_sowing_longer_mat",5,350,71,50,10,40,254.9,"cell 16437: soil load failed; cell 16568: soil load failed; cell 16569: soil load failed; cell 16570: soil load failed; cell 16571: soil load failed; cell 16572: soil load failed; cell 16573: soil load failed; cell 16574: soil load failed; cell 16575: soil load failed; cell 16576: soil load failed; cell 16580: soil load failed; cell 16583: soil load failed; cell 16584: soil load failed; cell 16585: soil load failed; cell 16586: soil load failed; cell 16587: soil load failed; cell 16588: soil load failed; cell 16591: soil load failed; cell 16598: soil load failed; cell 16600: soil load failed; cell 16601: soil load failed; cell 16602: soil load failed; cell 16603: soil load failed; cell 16604: soil load failed; cell 16605: soil load failed; cell 16606: soil load failed; cell 16607: soil load failed; cell 16608: soil load failed; cell 16609: soil load failed; cell 16610: soil load failed; cell 16611: soil load failed; cell 16612: soil load failed; cell 16613: soil load failed; cell 16614: soil load failed; cell 16615: soil load failed; cell 16616: soil load failed; cell 16741: soil load failed; cell 16742: soil load failed; cell 16743: soil load failed; cell 16744: soil load failed","2026-06-12 17:22:17"
"early_sowing_longer_mat",5,350,72,50,49,1,1250,"cell 16927: soil load failed","2026-06-12 17:22:17"
"early_sowing_longer_mat",5,350,73,50,48,2,1242.7,"cell 16947: soil load failed; cell 16968: soil load failed","2026-06-12 17:22:17"
"early_sowing_longer_mat",5,350,74,50,48,2,1264.6,"cell 17283: soil load failed; cell 17294: soil load failed","2026-06-12 17:22:17"
"early_sowing_longer_mat",5,350,75,50,48,2,1223.3,"cell 17458: soil load failed; cell 17481: soil load failed","2026-06-12 17:22:17"
"early_sowing_longer_mat",5,350,76,50,49,1,1257.1,"cell 17660: soil load failed","2026-06-12 17:22:17"
"early_sowing_longer_mat",5,350,77,50,50,0,1219.9,"","2026-06-12 17:22:17"
"early_sowing_longer_mat",5,350,78,50,47,3,1097.9,"cell 18040: soil load failed; cell 18201: soil load failed; cell 18371: soil load failed","2026-06-12 17:22:17"
"early_sowing_longer_mat",5,350,79,50,48,2,1053.3,"cell 18398: soil load failed; cell 18719: soil load failed","2026-06-12 17:22:17"
"early_sowing_longer_mat",5,350,80,50,48,2,962.9,"cell 18908: soil load failed; cell 19080: soil load failed","2026-06-12 17:22:17"
"early_sowing_longer_mat",5,350,81,50,50,0,992,"","2026-06-12 17:22:17"
"early_sowing_longer_mat",5,350,82,50,47,3,935.4,"cell 19623: soil load failed; cell 19803: soil load failed; cell 19823: soil load failed","2026-06-12 17:22:17"
"early_sowing_longer_mat",5,350,83,50,50,0,981,"","2026-06-12 17:22:17"
"early_sowing_longer_mat",5,350,84,50,49,1,982.9,"cell 20889: soil load failed","2026-06-12 17:22:17"
"early_sowing_longer_mat",5,350,85,50,49,1,969.1,"cell 21058: soil load failed","2026-06-12 17:22:17"
"early_sowing_longer_mat",5,350,86,50,49,1,964.8,"cell 21599: soil load failed","2026-06-12 17:22:17"
"early_sowing_longer_mat",5,350,87,50,49,1,954.5,"cell 22498: soil load failed","2026-06-12 17:22:17"
"early_sowing_longer_mat",5,350,88,50,48,2,945.6,"cell 22857: soil load failed; cell 22858: soil load failed","2026-06-12 17:22:17"
"early_sowing_longer_mat",5,350,89,50,50,0,975.2,"","2026-06-12 17:22:17"
"early_sowing_longer_mat",5,350,90,50,50,0,974.4,"","2026-06-12 17:22:17"
"early_sowing_longer_mat",5,350,91,50,42,8,825.6,"cell 25000: soil load failed; cell 25004: soil load failed; cell 25008: soil load failed; cell 25360: soil load failed; cell 25361: soil load failed; cell 25367: soil load failed; cell 25369: soil load failed; cell 25454: soil load failed","2026-06-12 17:22:17"
"early_sowing_longer_mat",5,350,92,50,47,3,933.2,"cell 25536: soil load failed; cell 25718: soil load failed; cell 25898: soil load failed","2026-06-12 17:22:17"
"early_sowing_longer_mat",5,350,93,50,43,7,843.4,"cell 26079: soil load failed; cell 26082: soil load failed; cell 26256: soil load failed; cell 26257: soil load failed; cell 26258: soil load failed; cell 26436: soil load failed; cell 26437: soil load failed","2026-06-12 17:22:17"
"early_sowing_longer_mat",5,350,94,50,46,4,912.7,"cell 26609: soil load failed; cell 26616: soil load failed; cell 26618: soil load failed; cell 26787: soil load failed","2026-06-12 17:22:17"
"early_sowing_longer_mat",5,350,95,50,47,3,923,"cell 26971: soil load failed; cell 27151: soil load failed; cell 27240: soil load failed","2026-06-12 17:22:17"
"early_sowing_longer_mat",5,350,96,50,44,6,869.3,"cell 27503: soil load failed; cell 27516: soil load failed; cell 27682: soil load failed; cell 27692: soil load failed; cell 27695: soil load failed; cell 27696: soil load failed","2026-06-12 17:22:17"
"early_sowing_longer_mat",5,350,97,50,48,2,938.7,"cell 27875: soil load failed; cell 28231: soil load failed","2026-06-12 17:22:17"
"early_sowing_longer_mat",5,350,98,4,3,1,64,"cell 28411: soil load failed","2026-06-12 17:22:17"
"climate_change",6,540,1,50,50,0,1283.1,"","2026-06-12 18:20:50"
"climate_change",6,540,2,50,50,0,1320.8,"","2026-06-12 18:20:50"
"climate_change",6,540,3,50,48,2,1250.8,"cell 1390: soil load failed; cell 1567: soil load failed","2026-06-12 18:20:50"
"climate_change",6,540,4,50,49,1,1272.7,"cell 1773: soil load failed","2026-06-12 18:20:50"
"climate_change",6,540,5,50,48,2,1282.4,"cell 2108: soil load failed; cell 2307: soil load failed","2026-06-12 18:20:50"
"climate_change",6,540,6,50,49,1,1262.8,"cell 2663: soil load failed","2026-06-12 18:20:50"
"climate_change",6,540,7,50,50,0,1321.6,"","2026-06-12 18:20:50"
"climate_change",6,540,8,50,48,2,1223.4,"cell 3350: soil load failed; cell 3376: soil load failed","2026-06-12 18:20:50"
"climate_change",6,540,9,50,48,2,1271.5,"cell 3908: soil load failed; cell 3925: soil load failed","2026-06-12 18:20:50"
"climate_change",6,540,10,50,49,1,1288,"cell 4108: soil load failed","2026-06-12 18:20:50"
"climate_change",6,540,11,50,48,2,1265.4,"cell 4287: soil load failed; cell 4447: soil load failed","2026-06-12 18:20:50"
"climate_change",6,540,12,50,50,0,1303.4,"","2026-06-12 18:20:50"
"climate_change",6,540,13,50,49,1,1257,"cell 4954: soil load failed","2026-06-12 18:20:50"
"climate_change",6,540,14,50,49,1,1297.2,"cell 5006: soil load failed","2026-06-12 18:20:50"
"climate_change",6,540,15,50,49,1,1257,"cell 5169: soil load failed","2026-06-12 18:20:50"
"climate_change",6,540,16,50,50,0,1328.9,"","2026-06-12 18:20:50"
"climate_change",6,540,17,50,49,1,1277.3,"cell 5545: soil load failed","2026-06-12 18:20:50"
"climate_change",6,540,18,50,50,0,1267.1,"","2026-06-12 18:20:50"
"climate_change",6,540,19,50,50,0,1298.6,"","2026-06-12 18:20:50"
"climate_change",6,540,20,50,49,1,1293.8,"cell 6075: soil load failed","2026-06-12 18:20:50"
"climate_change",6,540,21,50,50,0,1290.2,"","2026-06-12 18:20:50"
"climate_change",6,540,22,50,31,19,818.5,"cell 6579: soil load failed; cell 6602: soil load failed; cell 6603: soil load failed; cell 6604: soil load failed; cell 6605: soil load failed; cell 6606: soil load failed; cell 6607: soil load failed; cell 6608: soil load failed; cell 6609: soil load failed; cell 6610: soil load failed; cell 6611: soil load failed; cell 6612: soil load failed; cell 6734: soil load failed; cell 6740: soil load failed; cell 6741: soil load failed; cell 6743: soil load failed; cell 6744: soil load failed; cell 6745: soil load failed; cell 6746: soil load failed","2026-06-12 18:20:50"
"climate_change",6,540,23,50,22,28,603.8,"cell 6747: soil load failed; cell 6748: soil load failed; cell 6749: soil load failed; cell 6750: soil load failed; cell 6751: soil load failed; cell 6752: soil load failed; cell 6753: soil load failed; cell 6754: soil load failed; cell 6755: soil load failed; cell 6758: soil load failed; cell 6759: soil load failed; cell 6760: soil load failed; cell 6761: soil load failed; cell 6762: soil load failed; cell 6763: soil load failed; cell 6764: soil load failed; cell 6766: soil load failed; cell 6767: soil load failed; cell 6768: soil load failed; cell 6769: soil load failed; cell 6770: soil load failed; cell 6772: soil load failed; cell 6776: soil load failed; cell 6777: soil load failed; cell 6778: soil load failed; cell 6779: soil load failed; cell 6780: soil load failed; cell 6794: soil load failed","2026-06-12 18:20:50"
"climate_change",6,540,24,50,49,1,1312.2,"cell 6973: soil load failed","2026-06-12 18:20:50"
"climate_change",6,540,25,50,49,1,1280.3,"cell 7137: soil load failed","2026-06-12 18:20:50"
"climate_change",6,540,26,50,50,0,1282.2,"","2026-06-12 18:20:50"
"climate_change",6,540,27,50,47,3,1236.3,"cell 7489: soil load failed; cell 7505: soil load failed; cell 7507: soil load failed","2026-06-12 18:20:50"
"climate_change",6,540,28,50,50,0,1295.9,"","2026-06-12 18:20:50"
"climate_change",6,540,29,50,49,1,1293.7,"cell 7829: soil load failed","2026-06-12 18:20:50"
"climate_change",6,540,30,50,49,1,1282.8,"cell 8037: soil load failed","2026-06-12 18:20:50"
"climate_change",6,540,31,50,48,2,1247.5,"cell 8203: soil load failed; cell 8355: soil load failed","2026-06-12 18:20:50"
"climate_change",6,540,32,50,49,1,1309.1,"cell 8544: soil load failed","2026-06-12 18:20:50"
"climate_change",6,540,33,50,49,1,1258.4,"cell 8737: soil load failed","2026-06-12 18:20:50"
"climate_change",6,540,34,50,47,3,1225.4,"cell 8745: soil load failed; cell 8890: soil load failed; cell 8901: soil load failed","2026-06-12 18:20:50"
"climate_change",6,540,35,50,49,1,1269,"cell 9068: soil load failed","2026-06-12 18:20:50"
"climate_change",6,540,36,50,50,0,1291.8,"","2026-06-12 18:20:50"
"climate_change",6,540,37,50,50,0,1315.1,"","2026-06-12 18:20:50"
"climate_change",6,540,38,50,50,0,1310.6,"","2026-06-12 18:20:50"
"climate_change",6,540,39,50,49,1,1300.7,"cell 9809: soil load failed","2026-06-12 18:20:50"
"climate_change",6,540,40,50,50,0,1267.5,"","2026-06-12 18:20:50"
"climate_change",6,540,41,50,50,0,1298.3,"","2026-06-12 18:20:50"
"climate_change",6,540,42,50,49,1,1266.2,"cell 10349: soil load failed","2026-06-12 18:20:50"
"climate_change",6,540,43,50,50,0,1280,"","2026-06-12 18:20:50"
"climate_change",6,540,44,50,50,0,1290.4,"","2026-06-12 18:20:50"
"climate_change",6,540,45,50,50,0,1274.9,"","2026-06-12 18:20:50"
"climate_change",6,540,46,50,48,2,1261.5,"cell 11248: soil load failed; cell 11390: soil load failed","2026-06-12 18:20:50"
"climate_change",6,540,47,50,50,0,1290.4,"","2026-06-12 18:20:50"
"climate_change",6,540,48,50,48,2,1239.4,"cell 11606: soil load failed; cell 11614: soil load failed","2026-06-12 18:20:50"
"climate_change",6,540,49,50,50,0,1259.1,"","2026-06-12 18:20:50"
"climate_change",6,540,50,50,49,1,1240.5,"cell 12138: soil load failed","2026-06-12 18:20:50"
"climate_change",6,540,51,50,49,1,1241.1,"cell 12467: soil load failed","2026-06-12 18:20:50"
"climate_change",6,540,52,50,49,1,1258.9,"cell 12648: soil load failed","2026-06-12 18:20:50"
"climate_change",6,540,53,50,49,1,1249.3,"cell 12656: soil load failed","2026-06-12 18:20:50"
"climate_change",6,540,54,50,49,1,1280.9,"cell 13016: soil load failed","2026-06-12 18:20:50"
"climate_change",6,540,55,50,47,3,1171,"cell 13180: soil load failed; cell 13211: soil load failed; cell 13371: soil load failed","2026-06-12 18:20:50"
"climate_change",6,540,56,50,50,0,1287.2,"","2026-06-12 18:20:50"
"climate_change",6,540,57,50,48,2,1242.9,"cell 13577: soil load failed; cell 13882: soil load failed","2026-06-12 18:20:50"
"climate_change",6,540,58,50,50,0,1289.1,"","2026-06-12 18:20:50"
"climate_change",6,540,59,50,48,2,1236,"cell 14107: soil load failed; cell 14268: soil load failed","2026-06-12 18:20:50"
"climate_change",6,540,60,50,48,2,1219.3,"cell 14287: soil load failed; cell 14417: soil load failed","2026-06-12 18:20:50"
"climate_change",6,540,61,50,50,0,1284.7,"","2026-06-12 18:20:50"
"climate_change",6,540,62,50,50,0,1285.6,"","2026-06-12 18:20:50"
"climate_change",6,540,63,50,49,1,1252.6,"cell 15138: soil load failed","2026-06-12 18:20:50"
"climate_change",6,540,64,50,50,0,1291.3,"","2026-06-12 18:20:50"
"climate_change",6,540,65,50,49,1,1261.7,"cell 15497: soil load failed","2026-06-12 18:20:50"
"climate_change",6,540,66,50,49,1,1244.1,"cell 15669: soil load failed","2026-06-12 18:20:50"
"climate_change",6,540,67,50,49,1,1241.5,"cell 15712: soil load failed","2026-06-12 18:20:50"
"climate_change",6,540,68,50,50,0,1300.5,"","2026-06-12 18:20:50"
"climate_change",6,540,69,50,49,1,1268.4,"cell 16222: soil load failed","2026-06-12 18:20:50"
"climate_change",6,540,70,50,50,0,1297.2,"","2026-06-12 18:20:50"
"climate_change",6,540,71,50,10,40,257.5,"cell 16437: soil load failed; cell 16568: soil load failed; cell 16569: soil load failed; cell 16570: soil load failed; cell 16571: soil load failed; cell 16572: soil load failed; cell 16573: soil load failed; cell 16574: soil load failed; cell 16575: soil load failed; cell 16576: soil load failed; cell 16580: soil load failed; cell 16583: soil load failed; cell 16584: soil load failed; cell 16585: soil load failed; cell 16586: soil load failed; cell 16587: soil load failed; cell 16588: soil load failed; cell 16591: soil load failed; cell 16598: soil load failed; cell 16600: soil load failed; cell 16601: soil load failed; cell 16602: soil load failed; cell 16603: soil load failed; cell 16604: soil load failed; cell 16605: soil load failed; cell 16606: soil load failed; cell 16607: soil load failed; cell 16608: soil load failed; cell 16609: soil load failed; cell 16610: soil load failed; cell 16611: soil load failed; cell 16612: soil load failed; cell 16613: soil load failed; cell 16614: soil load failed; cell 16615: soil load failed; cell 16616: soil load failed; cell 16741: soil load failed; cell 16742: soil load failed; cell 16743: soil load failed; cell 16744: soil load failed","2026-06-12 18:20:50"
"climate_change",6,540,72,50,49,1,1245.6,"cell 16927: soil load failed","2026-06-12 18:20:50"
"climate_change",6,540,73,50,48,2,1257.8,"cell 16947: soil load failed; cell 16968: soil load failed","2026-06-12 18:20:50"
"climate_change",6,540,74,50,48,2,1234.8,"cell 17283: soil load failed; cell 17294: soil load failed","2026-06-12 18:20:50"
"climate_change",6,540,75,50,48,2,1259.3,"cell 17458: soil load failed; cell 17481: soil load failed","2026-06-12 18:20:50"
"climate_change",6,540,76,50,49,1,1257,"cell 17660: soil load failed","2026-06-12 18:20:50"
"climate_change",6,540,77,50,50,0,1212.3,"","2026-06-12 18:20:50"
"climate_change",6,540,78,50,47,3,1098.4,"cell 18040: soil load failed; cell 18201: soil load failed; cell 18371: soil load failed","2026-06-12 18:20:50"
"climate_change",6,540,79,50,48,2,1092.6,"cell 18398: soil load failed; cell 18719: soil load failed","2026-06-12 18:20:50"
"climate_change",6,540,80,50,48,2,965.5,"cell 18908: soil load failed; cell 19080: soil load failed","2026-06-12 18:20:50"
"climate_change",6,540,81,50,50,0,984,"","2026-06-12 18:20:50"
"climate_change",6,540,82,50,47,3,957.4,"cell 19623: soil load failed; cell 19803: soil load failed; cell 19823: soil load failed","2026-06-12 18:20:50"
"climate_change",6,540,83,50,50,0,986.3,"","2026-06-12 18:20:50"
"climate_change",6,540,84,50,49,1,963.2,"cell 20889: soil load failed","2026-06-12 18:20:50"
"climate_change",6,540,85,50,49,1,965,"cell 21058: soil load failed","2026-06-12 18:20:50"
"climate_change",6,540,86,50,49,1,968.5,"cell 21599: soil load failed","2026-06-12 18:20:50"
"climate_change",6,540,87,50,49,1,985.3,"cell 22498: soil load failed","2026-06-12 18:20:50"
"climate_change",6,540,88,50,48,2,954,"cell 22857: soil load failed; cell 22858: soil load failed","2026-06-12 18:20:50"
"climate_change",6,540,89,50,50,0,964.2,"","2026-06-12 18:20:50"
"climate_change",6,540,90,50,50,0,979.8,"","2026-06-12 18:20:50"
"climate_change",6,540,91,50,42,8,821.4,"cell 25000: soil load failed; cell 25004: soil load failed; cell 25008: soil load failed; cell 25360: soil load failed; cell 25361: soil load failed; cell 25367: soil load failed; cell 25369: soil load failed; cell 25454: soil load failed","2026-06-12 18:20:50"
"climate_change",6,540,92,50,47,3,939.5,"cell 25536: soil load failed; cell 25718: soil load failed; cell 25898: soil load failed","2026-06-12 18:20:50"
"climate_change",6,540,93,50,43,7,873.8,"cell 26079: soil load failed; cell 26082: soil load failed; cell 26256: soil load failed; cell 26257: soil load failed; cell 26258: soil load failed; cell 26436: soil load failed; cell 26437: soil load failed","2026-06-12 18:20:50"
"climate_change",6,540,94,50,46,4,923,"cell 26609: soil load failed; cell 26616: soil load failed; cell 26618: soil load failed; cell 26787: soil load failed","2026-06-12 18:20:50"
"climate_change",6,540,95,50,47,3,935.3,"cell 26971: soil load failed; cell 27151: soil load failed; cell 27240: soil load failed","2026-06-12 18:20:50"
"climate_change",6,540,96,50,44,6,875.5,"cell 27503: soil load failed; cell 27516: soil load failed; cell 27682: soil load failed; cell 27692: soil load failed; cell 27695: soil load failed; cell 27696: soil load failed","2026-06-12 18:20:50"
"climate_change",6,540,97,50,48,2,933.1,"cell 27875: soil load failed; cell 28231: soil load failed","2026-06-12 18:20:50"
"climate_change",6,540,98,4,3,1,64.3,"cell 28411: soil load failed","2026-06-12 18:20:50"
"early_sowing",7,540,1,50,50,0,1330.2,"","2026-06-12 19:20:18"
"early_sowing",7,540,2,50,50,0,1317.8,"","2026-06-12 19:20:18"
"early_sowing",7,540,3,50,48,2,1262.8,"cell 1390: soil load failed; cell 1567: soil load failed","2026-06-12 19:20:18"
"early_sowing",7,540,4,50,49,1,1268.8,"cell 1773: soil load failed","2026-06-12 19:20:18"
"early_sowing",7,540,5,50,48,2,1280.3,"cell 2108: soil load failed; cell 2307: soil load failed","2026-06-12 19:20:18"
"early_sowing",7,540,6,50,49,1,1277.2,"cell 2663: soil load failed","2026-06-12 19:20:18"
"early_sowing",7,540,7,50,50,0,1313,"","2026-06-12 19:20:18"
"early_sowing",7,540,8,50,48,2,1232.6,"cell 3350: soil load failed; cell 3376: soil load failed","2026-06-12 19:20:18"
"early_sowing",7,540,9,50,48,2,1278.6,"cell 3908: soil load failed; cell 3925: soil load failed","2026-06-12 19:20:18"
"early_sowing",7,540,10,50,49,1,1260.9,"cell 4108: soil load failed","2026-06-12 19:20:18"
"early_sowing",7,540,11,50,48,2,1245.2,"cell 4287: soil load failed; cell 4447: soil load failed","2026-06-12 19:20:18"
"early_sowing",7,540,12,50,50,0,1313,"","2026-06-12 19:20:18"
"early_sowing",7,540,13,50,49,1,1304.5,"cell 4954: soil load failed","2026-06-12 19:20:18"
"early_sowing",7,540,14,50,49,1,1255,"cell 5006: soil load failed","2026-06-12 19:20:18"
"early_sowing",7,540,15,50,49,1,1267.1,"cell 5169: soil load failed","2026-06-12 19:20:18"
"early_sowing",7,540,16,50,50,0,1305.9,"","2026-06-12 19:20:18"
"early_sowing",7,540,17,50,49,1,1280,"cell 5545: soil load failed","2026-06-12 19:20:18"
"early_sowing",7,540,18,50,50,0,1299.3,"","2026-06-12 19:20:18"
"early_sowing",7,540,19,50,50,0,1316.8,"","2026-06-12 19:20:18"
"early_sowing",7,540,20,50,49,1,1289.9,"cell 6075: soil load failed","2026-06-12 19:20:18"
"early_sowing",7,540,21,50,50,0,1316.8,"","2026-06-12 19:20:18"
"early_sowing",7,540,22,50,31,19,827,"cell 6579: soil load failed; cell 6602: soil load failed; cell 6603: soil load failed; cell 6604: soil load failed; cell 6605: soil load failed; cell 6606: soil load failed; cell 6607: soil load failed; cell 6608: soil load failed; cell 6609: soil load failed; cell 6610: soil load failed; cell 6611: soil load failed; cell 6612: soil load failed; cell 6734: soil load failed; cell 6740: soil load failed; cell 6741: soil load failed; cell 6743: soil load failed; cell 6744: soil load failed; cell 6745: soil load failed; cell 6746: soil load failed","2026-06-12 19:20:18"
"early_sowing",7,540,23,50,22,28,587.1,"cell 6747: soil load failed; cell 6748: soil load failed; cell 6749: soil load failed; cell 6750: soil load failed; cell 6751: soil load failed; cell 6752: soil load failed; cell 6753: soil load failed; cell 6754: soil load failed; cell 6755: soil load failed; cell 6758: soil load failed; cell 6759: soil load failed; cell 6760: soil load failed; cell 6761: soil load failed; cell 6762: soil load failed; cell 6763: soil load failed; cell 6764: soil load failed; cell 6766: soil load failed; cell 6767: soil load failed; cell 6768: soil load failed; cell 6769: soil load failed; cell 6770: soil load failed; cell 6772: soil load failed; cell 6776: soil load failed; cell 6777: soil load failed; cell 6778: soil load failed; cell 6779: soil load failed; cell 6780: soil load failed; cell 6794: soil load failed","2026-06-12 19:20:18"
"early_sowing",7,540,24,50,49,1,1315.8,"cell 6973: soil load failed","2026-06-12 19:20:18"
"early_sowing",7,540,25,50,49,1,1260.9,"cell 7137: soil load failed","2026-06-12 19:20:18"
"early_sowing",7,540,26,50,50,0,1300.8,"","2026-06-12 19:20:18"
"early_sowing",7,540,27,50,47,3,1246.2,"cell 7489: soil load failed; cell 7505: soil load failed; cell 7507: soil load failed","2026-06-12 19:20:18"
"early_sowing",7,540,28,50,50,0,1310,"","2026-06-12 19:20:18"
"early_sowing",7,540,29,50,49,1,1276.1,"cell 7829: soil load failed","2026-06-12 19:20:18"
"early_sowing",7,540,30,50,49,1,1295.4,"cell 8037: soil load failed","2026-06-12 19:20:18"
"early_sowing",7,540,31,50,48,2,1282.1,"cell 8203: soil load failed; cell 8355: soil load failed","2026-06-12 19:20:18"
"early_sowing",7,540,32,50,49,1,1284.9,"cell 8544: soil load failed","2026-06-12 19:20:18"
"early_sowing",7,540,33,50,49,1,1271.6,"cell 8737: soil load failed","2026-06-12 19:20:18"
"early_sowing",7,540,34,50,47,3,1252.2,"cell 8745: soil load failed; cell 8890: soil load failed; cell 8901: soil load failed","2026-06-12 19:20:18"
"early_sowing",7,540,35,50,49,1,1297.3,"cell 9068: soil load failed","2026-06-12 19:20:18"
"early_sowing",7,540,36,50,50,0,1337,"","2026-06-12 19:20:18"
"early_sowing",7,540,37,50,50,0,1280.9,"","2026-06-12 19:20:18"
"early_sowing",7,540,38,50,50,0,1334.8,"","2026-06-12 19:20:18"
"early_sowing",7,540,39,50,49,1,1289.9,"cell 9809: soil load failed","2026-06-12 19:20:18"
"early_sowing",7,540,40,50,50,0,1292.2,"","2026-06-12 19:20:18"
"early_sowing",7,540,41,50,50,0,1277.6,"","2026-06-12 19:20:18"
"early_sowing",7,540,42,50,49,1,1296.1,"cell 10349: soil load failed","2026-06-12 19:20:18"
"early_sowing",7,540,43,50,50,0,1335.2,"","2026-06-12 19:20:18"
"early_sowing",7,540,44,50,50,0,1307.7,"","2026-06-12 19:20:18"
"early_sowing",7,540,45,50,50,0,1315.1,"","2026-06-12 19:20:18"
"early_sowing",7,540,46,50,48,2,1250,"cell 11248: soil load failed; cell 11390: soil load failed","2026-06-12 19:20:18"
"early_sowing",7,540,47,50,50,0,1295.9,"","2026-06-12 19:20:18"
"early_sowing",7,540,48,50,48,2,1243,"cell 11606: soil load failed; cell 11614: soil load failed","2026-06-12 19:20:18"
"early_sowing",7,540,49,50,50,0,1318.5,"","2026-06-12 19:20:18"
"early_sowing",7,540,50,50,49,1,1270.8,"cell 12138: soil load failed","2026-06-12 19:20:18"
"early_sowing",7,540,51,50,49,1,1282.4,"cell 12467: soil load failed","2026-06-12 19:20:18"
"early_sowing",7,540,52,50,49,1,1297.6,"cell 12648: soil load failed","2026-06-12 19:20:18"
"early_sowing",7,540,53,50,49,1,1276.7,"cell 12656: soil load failed","2026-06-12 19:20:18"
"early_sowing",7,540,54,50,49,1,1280.6,"cell 13016: soil load failed","2026-06-12 19:20:18"
"early_sowing",7,540,55,50,47,3,1244.6,"cell 13180: soil load failed; cell 13211: soil load failed; cell 13371: soil load failed","2026-06-12 19:20:18"
"early_sowing",7,540,56,50,50,0,1342.6,"","2026-06-12 19:20:18"
"early_sowing",7,540,57,50,48,2,1261.8,"cell 13577: soil load failed; cell 13882: soil load failed","2026-06-12 19:20:18"
"early_sowing",7,540,58,50,50,0,1330.9,"","2026-06-12 19:20:18"
"early_sowing",7,540,59,50,48,2,1257.4,"cell 14107: soil load failed; cell 14268: soil load failed","2026-06-12 19:20:18"
"early_sowing",7,540,60,50,48,2,1258.7,"cell 14287: soil load failed; cell 14417: soil load failed","2026-06-12 19:20:18"
"early_sowing",7,540,61,50,50,0,1332.8,"","2026-06-12 19:20:18"
"early_sowing",7,540,62,50,50,0,1298.4,"","2026-06-12 19:20:18"
"early_sowing",7,540,63,50,49,1,1246.4,"cell 15138: soil load failed","2026-06-12 19:20:18"
"early_sowing",7,540,64,50,50,0,1301.2,"","2026-06-12 19:20:18"
"early_sowing",7,540,65,50,49,1,1317,"cell 15497: soil load failed","2026-06-12 19:20:18"
"early_sowing",7,540,66,50,49,1,1290.5,"cell 15669: soil load failed","2026-06-12 19:20:18"
"early_sowing",7,540,67,50,49,1,1265,"cell 15712: soil load failed","2026-06-12 19:20:18"
"early_sowing",7,540,68,50,50,0,1315.8,"","2026-06-12 19:20:18"
"early_sowing",7,540,69,50,49,1,1313.5,"cell 16222: soil load failed","2026-06-12 19:20:18"
"early_sowing",7,540,70,50,50,0,1307.1,"","2026-06-12 19:20:18"
"early_sowing",7,540,71,50,10,40,267.5,"cell 16437: soil load failed; cell 16568: soil load failed; cell 16569: soil load failed; cell 16570: soil load failed; cell 16571: soil load failed; cell 16572: soil load failed; cell 16573: soil load failed; cell 16574: soil load failed; cell 16575: soil load failed; cell 16576: soil load failed; cell 16580: soil load failed; cell 16583: soil load failed; cell 16584: soil load failed; cell 16585: soil load failed; cell 16586: soil load failed; cell 16587: soil load failed; cell 16588: soil load failed; cell 16591: soil load failed; cell 16598: soil load failed; cell 16600: soil load failed; cell 16601: soil load failed; cell 16602: soil load failed; cell 16603: soil load failed; cell 16604: soil load failed; cell 16605: soil load failed; cell 16606: soil load failed; cell 16607: soil load failed; cell 16608: soil load failed; cell 16609: soil load failed; cell 16610: soil load failed; cell 16611: soil load failed; cell 16612: soil load failed; cell 16613: soil load failed; cell 16614: soil load failed; cell 16615: soil load failed; cell 16616: soil load failed; cell 16741: soil load failed; cell 16742: soil load failed; cell 16743: soil load failed; cell 16744: soil load failed","2026-06-12 19:20:18"
"early_sowing",7,540,72,50,49,1,1273.3,"cell 16927: soil load failed","2026-06-12 19:20:18"
"early_sowing",7,540,73,50,48,2,1262.2,"cell 16947: soil load failed; cell 16968: soil load failed","2026-06-12 19:20:18"
"early_sowing",7,540,74,50,48,2,1233.1,"cell 17283: soil load failed; cell 17294: soil load failed","2026-06-12 19:20:18"
"early_sowing",7,540,75,50,48,2,1245.9,"cell 17458: soil load failed; cell 17481: soil load failed","2026-06-12 19:20:18"
"early_sowing",7,540,76,50,49,1,1304,"cell 17660: soil load failed","2026-06-12 19:20:18"
"early_sowing",7,540,77,50,50,0,1266.3,"","2026-06-12 19:20:18"
"early_sowing",7,540,78,50,47,3,1110.3,"cell 18040: soil load failed; cell 18201: soil load failed; cell 18371: soil load failed","2026-06-12 19:20:18"
"early_sowing",7,540,79,50,48,2,1078,"cell 18398: soil load failed; cell 18719: soil load failed","2026-06-12 19:20:18"
"early_sowing",7,540,80,50,48,2,969,"cell 18908: soil load failed; cell 19080: soil load failed","2026-06-12 19:20:18"
"early_sowing",7,540,81,50,50,0,1003.6,"","2026-06-12 19:20:18"
"early_sowing",7,540,82,50,47,3,945.8,"cell 19623: soil load failed; cell 19803: soil load failed; cell 19823: soil load failed","2026-06-12 19:20:18"
"early_sowing",7,540,83,50,50,0,1004,"","2026-06-12 19:20:18"
"early_sowing",7,540,84,50,49,1,988.4,"cell 20889: soil load failed","2026-06-12 19:20:18"
"early_sowing",7,540,85,50,49,1,985.7,"cell 21058: soil load failed","2026-06-12 19:20:18"
"early_sowing",7,540,86,50,49,1,986.3,"cell 21599: soil load failed","2026-06-12 19:20:18"
"early_sowing",7,540,87,50,49,1,984.8,"cell 22498: soil load failed","2026-06-12 19:20:18"
"early_sowing",7,540,88,50,48,2,964.8,"cell 22857: soil load failed; cell 22858: soil load failed","2026-06-12 19:20:18"
"early_sowing",7,540,89,50,50,0,986.5,"","2026-06-12 19:20:18"
"early_sowing",7,540,90,50,50,0,1005.7,"","2026-06-12 19:20:18"
"early_sowing",7,540,91,50,42,8,843.8,"cell 25000: soil load failed; cell 25004: soil load failed; cell 25008: soil load failed; cell 25360: soil load failed; cell 25361: soil load failed; cell 25367: soil load failed; cell 25369: soil load failed; cell 25454: soil load failed","2026-06-12 19:20:18"
"early_sowing",7,540,92,50,47,3,935.8,"cell 25536: soil load failed; cell 25718: soil load failed; cell 25898: soil load failed","2026-06-12 19:20:18"
"early_sowing",7,540,93,50,43,7,877.3,"cell 26079: soil load failed; cell 26082: soil load failed; cell 26256: soil load failed; cell 26257: soil load failed; cell 26258: soil load failed; cell 26436: soil load failed; cell 26437: soil load failed","2026-06-12 19:20:18"
"early_sowing",7,540,94,50,46,4,933,"cell 26609: soil load failed; cell 26616: soil load failed; cell 26618: soil load failed; cell 26787: soil load failed","2026-06-12 19:20:18"
"early_sowing",7,540,95,50,47,3,938.5,"cell 26971: soil load failed; cell 27151: soil load failed; cell 27240: soil load failed","2026-06-12 19:20:18"
"early_sowing",7,540,96,50,44,6,880.8,"cell 27503: soil load failed; cell 27516: soil load failed; cell 27682: soil load failed; cell 27692: soil load failed; cell 27695: soil load failed; cell 27696: soil load failed","2026-06-12 19:20:18"
"early_sowing",7,540,97,50,48,2,944.3,"cell 27875: soil load failed; cell 28231: soil load failed","2026-06-12 19:20:18"
"early_sowing",7,540,98,4,3,1,70,"cell 28411: soil load failed","2026-06-12 19:20:18"
"longer_mat",8,540,1,50,50,0,1314,"","2026-06-12 20:20:31"
"longer_mat",8,540,2,50,50,0,1322.7,"","2026-06-12 20:20:31"
"longer_mat",8,540,3,50,48,2,1263.2,"cell 1390: soil load failed; cell 1567: soil load failed","2026-06-12 20:20:31"
"longer_mat",8,540,4,50,49,1,1278.2,"cell 1773: soil load failed","2026-06-12 20:20:31"
"longer_mat",8,540,5,50,48,2,1308.7,"cell 2108: soil load failed; cell 2307: soil load failed","2026-06-12 20:20:31"
"longer_mat",8,540,6,50,49,1,1328.2,"cell 2663: soil load failed","2026-06-12 20:20:31"
"longer_mat",8,540,7,50,50,0,1347.1,"","2026-06-12 20:20:31"
"longer_mat",8,540,8,50,48,2,1292.4,"cell 3350: soil load failed; cell 3376: soil load failed","2026-06-12 20:20:31"
"longer_mat",8,540,9,50,48,2,1332.9,"cell 3908: soil load failed; cell 3925: soil load failed","2026-06-12 20:20:31"
"longer_mat",8,540,10,50,49,1,1305.7,"cell 4108: soil load failed","2026-06-12 20:20:31"
"longer_mat",8,540,11,50,48,2,1294.6,"cell 4287: soil load failed; cell 4447: soil load failed","2026-06-12 20:20:31"
"longer_mat",8,540,12,50,50,0,1314.8,"","2026-06-12 20:20:31"
"longer_mat",8,540,13,50,49,1,1300.4,"cell 4954: soil load failed","2026-06-12 20:20:31"
"longer_mat",8,540,14,50,49,1,1324.5,"cell 5006: soil load failed","2026-06-12 20:20:31"
"longer_mat",8,540,15,50,49,1,1280.4,"cell 5169: soil load failed","2026-06-12 20:20:31"
"longer_mat",8,540,16,50,50,0,1355.4,"","2026-06-12 20:20:31"
"longer_mat",8,540,17,50,49,1,1300.4,"cell 5545: soil load failed","2026-06-12 20:20:31"
"longer_mat",8,540,18,50,50,0,1334,"","2026-06-12 20:20:31"
"longer_mat",8,540,19,50,50,0,1373.3,"","2026-06-12 20:20:31"
"longer_mat",8,540,20,50,49,1,1302.7,"cell 6075: soil load failed","2026-06-12 20:20:31"
"longer_mat",8,540,21,50,50,0,1347.8,"","2026-06-12 20:20:31"
"longer_mat",8,540,22,50,31,19,835,"cell 6579: soil load failed; cell 6602: soil load failed; cell 6603: soil load failed; cell 6604: soil load failed; cell 6605: soil load failed; cell 6606: soil load failed; cell 6607: soil load failed; cell 6608: soil load failed; cell 6609: soil load failed; cell 6610: soil load failed; cell 6611: soil load failed; cell 6612: soil load failed; cell 6734: soil load failed; cell 6740: soil load failed; cell 6741: soil load failed; cell 6743: soil load failed; cell 6744: soil load failed; cell 6745: soil load failed; cell 6746: soil load failed","2026-06-12 20:20:31"
"longer_mat",8,540,23,50,22,28,608.9,"cell 6747: soil load failed; cell 6748: soil load failed; cell 6749: soil load failed; cell 6750: soil load failed; cell 6751: soil load failed; cell 6752: soil load failed; cell 6753: soil load failed; cell 6754: soil load failed; cell 6755: soil load failed; cell 6758: soil load failed; cell 6759: soil load failed; cell 6760: soil load failed; cell 6761: soil load failed; cell 6762: soil load failed; cell 6763: soil load failed; cell 6764: soil load failed; cell 6766: soil load failed; cell 6767: soil load failed; cell 6768: soil load failed; cell 6769: soil load failed; cell 6770: soil load failed; cell 6772: soil load failed; cell 6776: soil load failed; cell 6777: soil load failed; cell 6778: soil load failed; cell 6779: soil load failed; cell 6780: soil load failed; cell 6794: soil load failed","2026-06-12 20:20:31"
"longer_mat",8,540,24,50,49,1,1326.3,"cell 6973: soil load failed","2026-06-12 20:20:31"
"longer_mat",8,540,25,50,49,1,1299.9,"cell 7137: soil load failed","2026-06-12 20:20:31"
"longer_mat",8,540,26,50,50,0,1293.9,"","2026-06-12 20:20:31"
"longer_mat",8,540,27,50,47,3,1210.1,"cell 7489: soil load failed; cell 7505: soil load failed; cell 7507: soil load failed","2026-06-12 20:20:31"
"longer_mat",8,540,28,50,50,0,1339.3,"","2026-06-12 20:20:31"
"longer_mat",8,540,29,50,49,1,1345.8,"cell 7829: soil load failed","2026-06-12 20:20:31"
"longer_mat",8,540,30,50,49,1,1296.7,"cell 8037: soil load failed","2026-06-12 20:20:31"
"longer_mat",8,540,31,50,48,2,1272,"cell 8203: soil load failed; cell 8355: soil load failed","2026-06-12 20:20:31"
"longer_mat",8,540,32,50,49,1,1334.7,"cell 8544: soil load failed","2026-06-12 20:20:31"
"longer_mat",8,540,33,50,49,1,1298.3,"cell 8737: soil load failed","2026-06-12 20:20:31"
"longer_mat",8,540,34,50,47,3,1279.5,"cell 8745: soil load failed; cell 8890: soil load failed; cell 8901: soil load failed","2026-06-12 20:20:31"
"longer_mat",8,540,35,50,49,1,1301,"cell 9068: soil load failed","2026-06-12 20:20:31"
"longer_mat",8,540,36,50,50,0,1339.6,"","2026-06-12 20:20:31"
"longer_mat",8,540,37,50,50,0,1295.3,"","2026-06-12 20:20:31"
"longer_mat",8,540,38,50,50,0,1354,"","2026-06-12 20:20:31"
"longer_mat",8,540,39,50,49,1,1280,"cell 9809: soil load failed","2026-06-12 20:20:31"
"longer_mat",8,540,40,50,50,0,1302.2,"","2026-06-12 20:20:31"
"longer_mat",8,540,41,50,50,0,1311.9,"","2026-06-12 20:20:31"
"longer_mat",8,540,42,50,49,1,1313.1,"cell 10349: soil load failed","2026-06-12 20:20:31"
"longer_mat",8,540,43,50,50,0,1351.9,"","2026-06-12 20:20:31"
"longer_mat",8,540,44,50,50,0,1319.6,"","2026-06-12 20:20:31"
"longer_mat",8,540,45,50,50,0,1351.1,"","2026-06-12 20:20:31"
"longer_mat",8,540,46,50,48,2,1266.7,"cell 11248: soil load failed; cell 11390: soil load failed","2026-06-12 20:20:31"
"longer_mat",8,540,47,50,50,0,1321,"","2026-06-12 20:20:31"
"longer_mat",8,540,48,50,48,2,1262,"cell 11606: soil load failed; cell 11614: soil load failed","2026-06-12 20:20:31"
"longer_mat",8,540,49,50,50,0,1301.5,"","2026-06-12 20:20:31"
"longer_mat",8,540,50,50,49,1,1309.8,"cell 12138: soil load failed","2026-06-12 20:20:31"
"longer_mat",8,540,51,50,49,1,1282.5,"cell 12467: soil load failed","2026-06-12 20:20:31"
"longer_mat",8,540,52,50,49,1,1333.8,"cell 12648: soil load failed","2026-06-12 20:20:31"
"longer_mat",8,540,53,50,49,1,1298.1,"cell 12656: soil load failed","2026-06-12 20:20:31"
"longer_mat",8,540,54,50,49,1,1310.2,"cell 13016: soil load failed","2026-06-12 20:20:31"
"longer_mat",8,540,55,50,47,3,1257.6,"cell 13180: soil load failed; cell 13211: soil load failed; cell 13371: soil load failed","2026-06-12 20:20:31"
"longer_mat",8,540,56,50,50,0,1314.8,"","2026-06-12 20:20:31"
"longer_mat",8,540,57,50,48,2,1303.2,"cell 13577: soil load failed; cell 13882: soil load failed","2026-06-12 20:20:31"
"longer_mat",8,540,58,50,50,0,1309.3,"","2026-06-12 20:20:31"
"longer_mat",8,540,59,50,48,2,1271.1,"cell 14107: soil load failed; cell 14268: soil load failed","2026-06-12 20:20:31"
"longer_mat",8,540,60,50,48,2,1310.9,"cell 14287: soil load failed; cell 14417: soil load failed","2026-06-12 20:20:31"
"longer_mat",8,540,61,50,50,0,1325,"","2026-06-12 20:20:31"
"longer_mat",8,540,62,50,50,0,1313.7,"","2026-06-12 20:20:31"
"longer_mat",8,540,63,50,49,1,1273.2,"cell 15138: soil load failed","2026-06-12 20:20:31"
"longer_mat",8,540,64,50,50,0,1350.4,"","2026-06-12 20:20:31"
"longer_mat",8,540,65,50,49,1,1327.9,"cell 15497: soil load failed","2026-06-12 20:20:31"
"longer_mat",8,540,66,50,49,1,1359.5,"cell 15669: soil load failed","2026-06-12 20:20:31"
"longer_mat",8,540,67,50,49,1,1304.8,"cell 15712: soil load failed","2026-06-12 20:20:31"
"longer_mat",8,540,68,50,50,0,1335,"","2026-06-12 20:20:31"
"longer_mat",8,540,69,50,49,1,1316.3,"cell 16222: soil load failed","2026-06-12 20:20:31"
"longer_mat",8,540,70,50,50,0,1314.6,"","2026-06-12 20:20:31"
"longer_mat",8,540,71,50,10,40,264.5,"cell 16437: soil load failed; cell 16568: soil load failed; cell 16569: soil load failed; cell 16570: soil load failed; cell 16571: soil load failed; cell 16572: soil load failed; cell 16573: soil load failed; cell 16574: soil load failed; cell 16575: soil load failed; cell 16576: soil load failed; cell 16580: soil load failed; cell 16583: soil load failed; cell 16584: soil load failed; cell 16585: soil load failed; cell 16586: soil load failed; cell 16587: soil load failed; cell 16588: soil load failed; cell 16591: soil load failed; cell 16598: soil load failed; cell 16600: soil load failed; cell 16601: soil load failed; cell 16602: soil load failed; cell 16603: soil load failed; cell 16604: soil load failed; cell 16605: soil load failed; cell 16606: soil load failed; cell 16607: soil load failed; cell 16608: soil load failed; cell 16609: soil load failed; cell 16610: soil load failed; cell 16611: soil load failed; cell 16612: soil load failed; cell 16613: soil load failed; cell 16614: soil load failed; cell 16615: soil load failed; cell 16616: soil load failed; cell 16741: soil load failed; cell 16742: soil load failed; cell 16743: soil load failed; cell 16744: soil load failed","2026-06-12 20:20:31"
"longer_mat",8,540,72,50,49,1,1291.8,"cell 16927: soil load failed","2026-06-12 20:20:31"
"longer_mat",8,540,73,50,48,2,1288,"cell 16947: soil load failed; cell 16968: soil load failed","2026-06-12 20:20:31"
"longer_mat",8,540,74,50,48,2,1277.8,"cell 17283: soil load failed; cell 17294: soil load failed","2026-06-12 20:20:31"
"longer_mat",8,540,75,50,48,2,1249.3,"cell 17458: soil load failed; cell 17481: soil load failed","2026-06-12 20:20:31"
"longer_mat",8,540,76,50,49,1,1302,"cell 17660: soil load failed","2026-06-12 20:20:31"
"longer_mat",8,540,77,50,50,0,1271.4,"","2026-06-12 20:20:31"
"longer_mat",8,540,78,50,47,3,1126.5,"cell 18040: soil load failed; cell 18201: soil load failed; cell 18371: soil load failed","2026-06-12 20:20:31"
"longer_mat",8,540,79,50,48,2,1102.5,"cell 18398: soil load failed; cell 18719: soil load failed","2026-06-12 20:20:31"
"longer_mat",8,540,80,50,48,2,999.1,"cell 18908: soil load failed; cell 19080: soil load failed","2026-06-12 20:20:31"
"longer_mat",8,540,81,50,50,0,1027,"","2026-06-12 20:20:31"
"longer_mat",8,540,82,50,47,3,963.6,"cell 19623: soil load failed; cell 19803: soil load failed; cell 19823: soil load failed","2026-06-12 20:20:31"
"longer_mat",8,540,83,50,50,0,1025.9,"","2026-06-12 20:20:31"
"longer_mat",8,540,84,50,49,1,1006.2,"cell 20889: soil load failed","2026-06-12 20:20:31"
"longer_mat",8,540,85,50,49,1,993.2,"cell 21058: soil load failed","2026-06-12 20:20:31"
"longer_mat",8,540,86,50,49,1,995.9,"cell 21599: soil load failed","2026-06-12 20:20:31"
"longer_mat",8,540,87,50,49,1,988.2,"cell 22498: soil load failed","2026-06-12 20:20:31"
"longer_mat",8,540,88,50,48,2,975.2,"cell 22857: soil load failed; cell 22858: soil load failed","2026-06-12 20:20:31"
"longer_mat",8,540,89,50,50,0,1007.6,"","2026-06-12 20:20:31"
"longer_mat",8,540,90,50,50,0,1007,"","2026-06-12 20:20:31"
"longer_mat",8,540,91,50,42,8,877.5,"cell 25000: soil load failed; cell 25004: soil load failed; cell 25008: soil load failed; cell 25360: soil load failed; cell 25361: soil load failed; cell 25367: soil load failed; cell 25369: soil load failed; cell 25454: soil load failed","2026-06-12 20:20:31"
"longer_mat",8,540,92,50,47,3,951.4,"cell 25536: soil load failed; cell 25718: soil load failed; cell 25898: soil load failed","2026-06-12 20:20:31"
"longer_mat",8,540,93,50,43,7,877.9,"cell 26079: soil load failed; cell 26082: soil load failed; cell 26256: soil load failed; cell 26257: soil load failed; cell 26258: soil load failed; cell 26436: soil load failed; cell 26437: soil load failed","2026-06-12 20:20:31"
"longer_mat",8,540,94,50,46,4,930,"cell 26609: soil load failed; cell 26616: soil load failed; cell 26618: soil load failed; cell 26787: soil load failed","2026-06-12 20:20:31"
"longer_mat",8,540,95,50,47,3,961.2,"cell 26971: soil load failed; cell 27151: soil load failed; cell 27240: soil load failed","2026-06-12 20:20:31"
"longer_mat",8,540,96,50,44,6,904.6,"cell 27503: soil load failed; cell 27516: soil load failed; cell 27682: soil load failed; cell 27692: soil load failed; cell 27695: soil load failed; cell 27696: soil load failed","2026-06-12 20:20:31"
"longer_mat",8,540,97,50,48,2,964.8,"cell 27875: soil load failed; cell 28231: soil load failed","2026-06-12 20:20:31"
"longer_mat",8,540,98,4,3,1,68.2,"cell 28411: soil load failed","2026-06-12 20:20:31"
"early_sowing_longer_mat",9,540,1,50,50,0,1297.3,"","2026-06-12 21:21:31"
"early_sowing_longer_mat",9,540,2,50,50,0,1257.1,"","2026-06-12 21:21:31"
"early_sowing_longer_mat",9,540,3,50,48,2,1224.4,"cell 1390: soil load failed; cell 1567: soil load failed","2026-06-12 21:21:31"
"early_sowing_longer_mat",9,540,4,50,49,1,1244.8,"cell 1773: soil load failed","2026-06-12 21:21:31"
"early_sowing_longer_mat",9,540,5,50,48,2,1265.2,"cell 2108: soil load failed; cell 2307: soil load failed","2026-06-12 21:21:31"
"early_sowing_longer_mat",9,540,6,50,49,1,1288.2,"cell 2663: soil load failed","2026-06-12 21:21:31"
"early_sowing_longer_mat",9,540,7,50,50,0,1353.9,"","2026-06-12 21:21:31"
"early_sowing_longer_mat",9,540,8,50,48,2,1294.1,"cell 3350: soil load failed; cell 3376: soil load failed","2026-06-12 21:21:31"
"early_sowing_longer_mat",9,540,9,50,48,2,1298.9,"cell 3908: soil load failed; cell 3925: soil load failed","2026-06-12 21:21:31"
"early_sowing_longer_mat",9,540,10,50,49,1,1331,"cell 4108: soil load failed","2026-06-12 21:21:31"
"early_sowing_longer_mat",9,540,11,50,48,2,1294.1,"cell 4287: soil load failed; cell 4447: soil load failed","2026-06-12 21:21:31"
"early_sowing_longer_mat",9,540,12,50,50,0,1353.6,"","2026-06-12 21:21:31"
"early_sowing_longer_mat",9,540,13,50,49,1,1322.5,"cell 4954: soil load failed","2026-06-12 21:21:31"
"early_sowing_longer_mat",9,540,14,50,49,1,1294.9,"cell 5006: soil load failed","2026-06-12 21:21:31"
"early_sowing_longer_mat",9,540,15,50,49,1,1338.1,"cell 5169: soil load failed","2026-06-12 21:21:31"
"early_sowing_longer_mat",9,540,16,50,50,0,1399.5,"","2026-06-12 21:21:31"
"early_sowing_longer_mat",9,540,17,50,49,1,1322.5,"cell 5545: soil load failed","2026-06-12 21:21:31"
"early_sowing_longer_mat",9,540,18,50,50,0,1349.9,"","2026-06-12 21:21:31"
"early_sowing_longer_mat",9,540,19,50,50,0,1382.6,"","2026-06-12 21:21:31"
"early_sowing_longer_mat",9,540,20,50,49,1,1319.1,"cell 6075: soil load failed","2026-06-12 21:21:31"
"early_sowing_longer_mat",9,540,21,50,50,0,1352.7,"","2026-06-12 21:21:31"
"early_sowing_longer_mat",9,540,22,50,31,19,867.7,"cell 6579: soil load failed; cell 6602: soil load failed; cell 6603: soil load failed; cell 6604: soil load failed; cell 6605: soil load failed; cell 6606: soil load failed; cell 6607: soil load failed; cell 6608: soil load failed; cell 6609: soil load failed; cell 6610: soil load failed; cell 6611: soil load failed; cell 6612: soil load failed; cell 6734: soil load failed; cell 6740: soil load failed; cell 6741: soil load failed; cell 6743: soil load failed; cell 6744: soil load failed; cell 6745: soil load failed; cell 6746: soil load failed","2026-06-12 21:21:31"
"early_sowing_longer_mat",9,540,23,50,22,28,615.1,"cell 6747: soil load failed; cell 6748: soil load failed; cell 6749: soil load failed; cell 6750: soil load failed; cell 6751: soil load failed; cell 6752: soil load failed; cell 6753: soil load failed; cell 6754: soil load failed; cell 6755: soil load failed; cell 6758: soil load failed; cell 6759: soil load failed; cell 6760: soil load failed; cell 6761: soil load failed; cell 6762: soil load failed; cell 6763: soil load failed; cell 6764: soil load failed; cell 6766: soil load failed; cell 6767: soil load failed; cell 6768: soil load failed; cell 6769: soil load failed; cell 6770: soil load failed; cell 6772: soil load failed; cell 6776: soil load failed; cell 6777: soil load failed; cell 6778: soil load failed; cell 6779: soil load failed; cell 6780: soil load failed; cell 6794: soil load failed","2026-06-12 21:21:31"
"early_sowing_longer_mat",9,540,24,50,49,1,1327.2,"cell 6973: soil load failed","2026-06-12 21:21:31"
"early_sowing_longer_mat",9,540,25,50,49,1,1300.9,"cell 7137: soil load failed","2026-06-12 21:21:31"
"early_sowing_longer_mat",9,540,26,50,50,0,1363.3,"","2026-06-12 21:21:31"
"early_sowing_longer_mat",9,540,27,50,47,3,1268.1,"cell 7489: soil load failed; cell 7505: soil load failed; cell 7507: soil load failed","2026-06-12 21:21:31"
"early_sowing_longer_mat",9,540,28,50,50,0,1345.4,"","2026-06-12 21:21:31"
"early_sowing_longer_mat",9,540,29,50,49,1,1292.6,"cell 7829: soil load failed","2026-06-12 21:21:31"
"early_sowing_longer_mat",9,540,30,50,49,1,1288.3,"cell 8037: soil load failed","2026-06-12 21:21:31"
"early_sowing_longer_mat",9,540,31,50,48,2,1291.3,"cell 8203: soil load failed; cell 8355: soil load failed","2026-06-12 21:21:31"
"early_sowing_longer_mat",9,540,32,50,49,1,1326.3,"cell 8544: soil load failed","2026-06-12 21:21:31"
"early_sowing_longer_mat",9,540,33,50,49,1,1352.7,"cell 8737: soil load failed","2026-06-12 21:21:31"
"early_sowing_longer_mat",9,540,34,50,47,3,1294.4,"cell 8745: soil load failed; cell 8890: soil load failed; cell 8901: soil load failed","2026-06-12 21:21:31"
"early_sowing_longer_mat",9,540,35,50,49,1,1292.6,"cell 9068: soil load failed","2026-06-12 21:21:31"
"early_sowing_longer_mat",9,540,36,50,50,0,1372.5,"","2026-06-12 21:21:31"
"early_sowing_longer_mat",9,540,37,50,50,0,1355.8,"","2026-06-12 21:21:31"
"early_sowing_longer_mat",9,540,38,50,50,0,1413.5,"","2026-06-12 21:21:31"
"early_sowing_longer_mat",9,540,39,50,49,1,1329.6,"cell 9809: soil load failed","2026-06-12 21:21:31"
"early_sowing_longer_mat",9,540,40,50,50,0,1311,"","2026-06-12 21:21:31"
"early_sowing_longer_mat",9,540,41,50,50,0,1350,"","2026-06-12 21:21:31"
"early_sowing_longer_mat",9,540,42,50,49,1,1349,"cell 10349: soil load failed","2026-06-12 21:21:31"
"early_sowing_longer_mat",9,540,43,50,50,0,1340.8,"","2026-06-12 21:21:31"
"early_sowing_longer_mat",9,540,44,50,50,0,1377.9,"","2026-06-12 21:21:31"
"early_sowing_longer_mat",9,540,45,50,50,0,1356.1,"","2026-06-12 21:21:31"
"early_sowing_longer_mat",9,540,46,50,48,2,1269.5,"cell 11248: soil load failed; cell 11390: soil load failed","2026-06-12 21:21:31"
"early_sowing_longer_mat",9,540,47,50,50,0,1380.3,"","2026-06-12 21:21:31"
"early_sowing_longer_mat",9,540,48,50,48,2,1278.6,"cell 11606: soil load failed; cell 11614: soil load failed","2026-06-12 21:21:31"
"early_sowing_longer_mat",9,540,49,50,50,0,1350.9,"","2026-06-12 21:21:31"
"early_sowing_longer_mat",9,540,50,50,49,1,1327.4,"cell 12138: soil load failed","2026-06-12 21:21:31"
"early_sowing_longer_mat",9,540,51,50,49,1,1303.7,"cell 12467: soil load failed","2026-06-12 21:21:31"
"early_sowing_longer_mat",9,540,52,50,49,1,1324.7,"cell 12648: soil load failed","2026-06-12 21:21:31"
"early_sowing_longer_mat",9,540,53,50,49,1,1303.5,"cell 12656: soil load failed","2026-06-12 21:21:31"
"early_sowing_longer_mat",9,540,54,50,49,1,1320.8,"cell 13016: soil load failed","2026-06-12 21:21:31"
"early_sowing_longer_mat",9,540,55,50,47,3,1280.3,"cell 13180: soil load failed; cell 13211: soil load failed; cell 13371: soil load failed","2026-06-12 21:21:31"
"early_sowing_longer_mat",9,540,56,50,50,0,1344.2,"","2026-06-12 21:21:31"
"early_sowing_longer_mat",9,540,57,50,48,2,1277.3,"cell 13577: soil load failed; cell 13882: soil load failed","2026-06-12 21:21:31"
"early_sowing_longer_mat",9,540,58,50,50,0,1357.9,"","2026-06-12 21:21:31"
"early_sowing_longer_mat",9,540,59,50,48,2,1320.2,"cell 14107: soil load failed; cell 14268: soil load failed","2026-06-12 21:21:31"
"early_sowing_longer_mat",9,540,60,50,48,2,1320.4,"cell 14287: soil load failed; cell 14417: soil load failed","2026-06-12 21:21:31"
"early_sowing_longer_mat",9,540,61,50,50,0,1377.3,"","2026-06-12 21:21:31"
"early_sowing_longer_mat",9,540,62,50,50,0,1369.9,"","2026-06-12 21:21:31"
"early_sowing_longer_mat",9,540,63,50,49,1,1332,"cell 15138: soil load failed","2026-06-12 21:21:31"
"early_sowing_longer_mat",9,540,64,50,50,0,1366.1,"","2026-06-12 21:21:31"
"early_sowing_longer_mat",9,540,65,50,49,1,1312.9,"cell 15497: soil load failed","2026-06-12 21:21:31"
"early_sowing_longer_mat",9,540,66,50,49,1,1292.8,"cell 15669: soil load failed","2026-06-12 21:21:31"
"early_sowing_longer_mat",9,540,67,50,49,1,1330.7,"cell 15712: soil load failed","2026-06-12 21:21:31"
"early_sowing_longer_mat",9,540,68,50,50,0,1337.4,"","2026-06-12 21:21:31"
"early_sowing_longer_mat",9,540,69,50,49,1,1321.9,"cell 16222: soil load failed","2026-06-12 21:21:31"
"early_sowing_longer_mat",9,540,70,50,50,0,1351.5,"","2026-06-12 21:21:31"
"early_sowing_longer_mat",9,540,71,50,10,40,259.8,"cell 16437: soil load failed; cell 16568: soil load failed; cell 16569: soil load failed; cell 16570: soil load failed; cell 16571: soil load failed; cell 16572: soil load failed; cell 16573: soil load failed; cell 16574: soil load failed; cell 16575: soil load failed; cell 16576: soil load failed; cell 16580: soil load failed; cell 16583: soil load failed; cell 16584: soil load failed; cell 16585: soil load failed; cell 16586: soil load failed; cell 16587: soil load failed; cell 16588: soil load failed; cell 16591: soil load failed; cell 16598: soil load failed; cell 16600: soil load failed; cell 16601: soil load failed; cell 16602: soil load failed; cell 16603: soil load failed; cell 16604: soil load failed; cell 16605: soil load failed; cell 16606: soil load failed; cell 16607: soil load failed; cell 16608: soil load failed; cell 16609: soil load failed; cell 16610: soil load failed; cell 16611: soil load failed; cell 16612: soil load failed; cell 16613: soil load failed; cell 16614: soil load failed; cell 16615: soil load failed; cell 16616: soil load failed; cell 16741: soil load failed; cell 16742: soil load failed; cell 16743: soil load failed; cell 16744: soil load failed","2026-06-12 21:21:31"
"early_sowing_longer_mat",9,540,72,50,49,1,1312.6,"cell 16927: soil load failed","2026-06-12 21:21:31"
"early_sowing_longer_mat",9,540,73,50,48,2,1277.9,"cell 16947: soil load failed; cell 16968: soil load failed","2026-06-12 21:21:31"
"early_sowing_longer_mat",9,540,74,50,48,2,1307,"cell 17283: soil load failed; cell 17294: soil load failed","2026-06-12 21:21:31"
"early_sowing_longer_mat",9,540,75,50,48,2,1302.1,"cell 17458: soil load failed; cell 17481: soil load failed","2026-06-12 21:21:31"
"early_sowing_longer_mat",9,540,76,50,49,1,1307.5,"cell 17660: soil load failed","2026-06-12 21:21:31"
"early_sowing_longer_mat",9,540,77,50,50,0,1285.8,"","2026-06-12 21:21:31"
"early_sowing_longer_mat",9,540,78,50,47,3,1165.5,"cell 18040: soil load failed; cell 18201: soil load failed; cell 18371: soil load failed","2026-06-12 21:21:31"
"early_sowing_longer_mat",9,540,79,50,48,2,1099.2,"cell 18398: soil load failed; cell 18719: soil load failed","2026-06-12 21:21:31"
"early_sowing_longer_mat",9,540,80,50,48,2,991.3,"cell 18908: soil load failed; cell 19080: soil load failed","2026-06-12 21:21:31"
"early_sowing_longer_mat",9,540,81,50,50,0,1049.7,"","2026-06-12 21:21:31"
"early_sowing_longer_mat",9,540,82,50,47,3,972.9,"cell 19623: soil load failed; cell 19803: soil load failed; cell 19823: soil load failed","2026-06-12 21:21:31"
"early_sowing_longer_mat",9,540,83,50,50,0,1035.3,"","2026-06-12 21:21:31"
"early_sowing_longer_mat",9,540,84,50,49,1,1023.4,"cell 20889: soil load failed","2026-06-12 21:21:31"
"early_sowing_longer_mat",9,540,85,50,49,1,1025.2,"cell 21058: soil load failed","2026-06-12 21:21:31"
"early_sowing_longer_mat",9,540,86,50,49,1,1038.2,"cell 21599: soil load failed","2026-06-12 21:21:31"
"early_sowing_longer_mat",9,540,87,50,49,1,1038.4,"cell 22498: soil load failed","2026-06-12 21:21:31"
"early_sowing_longer_mat",9,540,88,50,48,2,998.6,"cell 22857: soil load failed; cell 22858: soil load failed","2026-06-12 21:21:31"
"early_sowing_longer_mat",9,540,89,50,50,0,1036.3,"","2026-06-12 21:21:31"
"early_sowing_longer_mat",9,540,90,50,50,0,1032.6,"","2026-06-12 21:21:31"
"early_sowing_longer_mat",9,540,91,50,42,8,884.7,"cell 25000: soil load failed; cell 25004: soil load failed; cell 25008: soil load failed; cell 25360: soil load failed; cell 25361: soil load failed; cell 25367: soil load failed; cell 25369: soil load failed; cell 25454: soil load failed","2026-06-12 21:21:31"
"early_sowing_longer_mat",9,540,92,50,47,3,960.9,"cell 25536: soil load failed; cell 25718: soil load failed; cell 25898: soil load failed","2026-06-12 21:21:31"
"early_sowing_longer_mat",9,540,93,50,43,7,895.8,"cell 26079: soil load failed; cell 26082: soil load failed; cell 26256: soil load failed; cell 26257: soil load failed; cell 26258: soil load failed; cell 26436: soil load failed; cell 26437: soil load failed","2026-06-12 21:21:31"
"early_sowing_longer_mat",9,540,94,50,46,4,959.5,"cell 26609: soil load failed; cell 26616: soil load failed; cell 26618: soil load failed; cell 26787: soil load failed","2026-06-12 21:21:31"
"early_sowing_longer_mat",9,540,95,50,47,3,960.4,"cell 26971: soil load failed; cell 27151: soil load failed; cell 27240: soil load failed","2026-06-12 21:21:31"
"early_sowing_longer_mat",9,540,96,50,44,6,921.3,"cell 27503: soil load failed; cell 27516: soil load failed; cell 27682: soil load failed; cell 27692: soil load failed; cell 27695: soil load failed; cell 27696: soil load failed","2026-06-12 21:21:31"
"early_sowing_longer_mat",9,540,97,50,48,2,988.9,"cell 27875: soil load failed; cell 28231: soil load failed","2026-06-12 21:21:31"
"early_sowing_longer_mat",9,540,98,4,3,1,77.6,"cell 28411: soil load failed","2026-06-12 21:21:31"
