x,y,cultivated,cellid,cultivar,sowing,scenario,climate.control,co2,rowSpacing,Yield_kgha,biomass_kgha,MaturityDAS,EmergenceDAS,SeedFillingDAS,FloweringDAS,CumRadiationInterceptionOnGreen,SeasonRain,SeasonRadn,SeasonMaxt,SeasonMint,SeasonMeanT,BloomingSeasonMaxt,Silking_Supply_Demand_Ratio,Silking_RUE_Temp,swhc_6in,swhc_12in,swhc_24in,Crop_ET,WDrainage,WRunoff,sWUE,Date
-91.0134875334247,34.95788990364149,1,12662,PurcellMG4,15-May,baseline,1/1/2025,350,750,3679.7156176175877,8827.762401031367,111,5,65,39,1450.4846996057847,582.4299969673157,3887.9099957942963,31.266304358192112,19.346739126288373,25.306521742240243,33.56065575021212,0.9888605162985452,0.9830327925134876,6.168911804368583,12.337823608737166,23.627716627395515,525.8145564445477,134.8850641126343,72.69943439966096,5.017344367636418,2015-12-31
-91.0134875334247,34.95788990364149,1,12662,PurcellMG4,15-May,baseline,1/1/2025,350,750,3523.268815181089,8442.518164920602,110,7,68,41,1271.7957883163542,596.3599970340729,3725.4100017547607,30.83641296884288,19.88804348655369,25.362228227698285,34.01639338008693,0.9710006229574729,0.9840983594050172,6.168911804368583,12.337823608737166,23.627716627395515,500.0368792999597,141.56633863451418,71.84379112263963,4.938374918464394,2016-12-31
-91.0134875334247,34.95788990364149,1,12662,PurcellMG4,15-May,baseline,1/1/2025,350,750,3844.0417030709823,9543.426103471531,109,5,66,40,1219.6189816090541,658.6000003814697,3722.700005531311,29.6913044763648,18.694021686263707,24.192663081314254,31.767213258586946,0.9988385960330315,0.998606556751689,6.168911804368583,12.337823608737166,23.627716627395515,494.0274524717314,91.06596930984078,184.57568046731421,4.9944082357458885,2017-12-31
-91.0134875334247,34.95788990364149,1,12662,PurcellMG4,15-May,baseline,1/1/2025,350,750,3665.7464480668023,8890.432194034282,108,5,64,37,1332.5952507604873,380.96999645233154,3849.6399993896484,31.178260958713032,19.80706521674343,25.492663087728232,33.9639346951344,0.9785878605913952,0.9882786891499504,6.168911804368583,12.337823608737166,23.627716627395515,538.5870776116191,43.81840551567637,9.2645132015501,6.195592933242823,2018-12-31
-91.0134875334247,34.95788990364149,1,12662,PurcellMG4,15-May,baseline,1/1/2025,350,750,3996.068292755739,9747.496290389565,107,5,64,38,1299.9096783411394,766.8000028133392,3800.090009689331,30.85978259211001,19.66521748641263,25.26250003926132,31.190163971947843,1,1,6.168911804368583,12.337823608737166,23.627716627395515,512.671908950152,133.57577944291313,111.5221236096426,5.273459340105594,2019-12-31
-91.0134875334247,34.95788990364149,1,12662,PurcellMG4,15-May,baseline,1/1/2025,350,750,3890.270088211387,9782.416407698418,107,6,65,40,1247.9953152073144,946.6499993801117,3743.2299931049347,29.235326186470363,18.525543481111526,23.880434833790947,32.1459017581627,0.9988955594909428,1,6.168911804368583,12.337823608737166,23.627716627395515,511.53581508524894,96.757464451692,362.2721403779902,4.00825128155953,2020-12-31
-91.04206014747538,34.086034535644565,1,19644,PurcellMG4,15-May,baseline,1/1/2025,350,750,3679.7156176175877,8827.762401031367,111,5,65,39,1450.4846996057847,582.4299969673157,3887.9099957942963,31.266304358192112,19.346739126288373,25.306521742240243,33.56065575021212,0.9888605162985452,0.9830327925134876,6.168911804368583,12.337823608737166,23.627716627395515,525.8145564445477,134.8850641126343,72.69943439966096,5.017344367636418,2015-12-31
-91.04206014747538,34.086034535644565,1,19644,PurcellMG4,15-May,baseline,1/1/2025,350,750,3523.268815181089,8442.518164920602,110,7,68,41,1271.7957883163542,596.3599970340729,3725.4100017547607,30.83641296884288,19.88804348655369,25.362228227698285,34.01639338008693,0.9710006229574729,0.9840983594050172,6.168911804368583,12.337823608737166,23.627716627395515,500.0368792999597,141.56633863451418,71.84379112263963,4.938374918464394,2016-12-31
-91.04206014747538,34.086034535644565,1,19644,PurcellMG4,15-May,baseline,1/1/2025,350,750,3844.0417030709823,9543.426103471531,109,5,66,40,1219.6189816090541,658.6000003814697,3722.700005531311,29.6913044763648,18.694021686263707,24.192663081314254,31.767213258586946,0.9988385960330315,0.998606556751689,6.168911804368583,12.337823608737166,23.627716627395515,494.0274524717314,91.06596930984078,184.57568046731421,4.9944082357458885,2017-12-31
-91.04206014747538,34.086034535644565,1,19644,PurcellMG4,15-May,baseline,1/1/2025,350,750,3665.7464480668023,8890.432194034282,108,5,64,37,1332.5952507604873,380.96999645233154,3849.6399993896484,31.178260958713032,19.80706521674343,25.492663087728232,33.9639346951344,0.9785878605913952,0.9882786891499504,6.168911804368583,12.337823608737166,23.627716627395515,538.5870776116191,43.81840551567637,9.2645132015501,6.195592933242823,2018-12-31
-91.04206014747538,34.086034535644565,1,19644,PurcellMG4,15-May,baseline,1/1/2025,350,750,3996.068292755739,9747.496290389565,107,5,64,38,1299.9096783411394,766.8000028133392,3800.090009689331,30.85978259211001,19.66521748641263,25.26250003926132,31.190163971947843,1,1,6.168911804368583,12.337823608737166,23.627716627395515,512.671908950152,133.57577944291313,111.5221236096426,5.273459340105594,2019-12-31
-91.04206014747538,34.086034535644565,1,19644,PurcellMG4,15-May,baseline,1/1/2025,350,750,3890.270088211387,9782.416407698418,107,6,65,40,1247.9953152073144,946.6499993801117,3743.2299931049347,29.235326186470363,18.525543481111526,23.880434833790947,32.1459017581627,0.9988955594909428,1,6.168911804368583,12.337823608737166,23.627716627395515,511.53581508524894,96.757464451692,362.2721403779902,4.00825128155953,2020-12-31
-90.25953385772954,35.05771131032115,1,11615,PurcellMG4,15-May,baseline,1/1/2025,350,750,3679.7156176175877,8827.762401031367,111,5,65,39,1450.4846996057847,582.4299969673157,3887.9099957942963,31.266304358192112,19.346739126288373,25.306521742240243,33.56065575021212,0.9888605162985452,0.9830327925134876,6.168911804368583,12.337823608737166,23.627716627395515,525.8145564445477,134.8850641126343,72.69943439966096,5.017344367636418,2015-12-31
-90.25953385772954,35.05771131032115,1,11615,PurcellMG4,15-May,baseline,1/1/2025,350,750,3523.268815181089,8442.518164920602,110,7,68,41,1271.7957883163542,596.3599970340729,3725.4100017547607,30.83641296884288,19.88804348655369,25.362228227698285,34.01639338008693,0.9710006229574729,0.9840983594050172,6.168911804368583,12.337823608737166,23.627716627395515,500.0368792999597,141.56633863451418,71.84379112263963,4.938374918464394,2016-12-31
-90.25953385772954,35.05771131032115,1,11615,PurcellMG4,15-May,baseline,1/1/2025,350,750,3844.0417030709823,9543.426103471531,109,5,66,40,1219.6189816090541,658.6000003814697,3722.700005531311,29.6913044763648,18.694021686263707,24.192663081314254,31.767213258586946,0.9988385960330315,0.998606556751689,6.168911804368583,12.337823608737166,23.627716627395515,494.0274524717314,91.06596930984078,184.57568046731421,4.9944082357458885,2017-12-31
-90.25953385772954,35.05771131032115,1,11615,PurcellMG4,15-May,baseline,1/1/2025,350,750,3665.7464480668023,8890.432194034282,108,5,64,37,1332.5952507604873,380.96999645233154,3849.6399993896484,31.178260958713032,19.80706521674343,25.492663087728232,33.9639346951344,0.9785878605913952,0.9882786891499504,6.168911804368583,12.337823608737166,23.627716627395515,538.5870776116191,43.81840551567637,9.2645132015501,6.195592933242823,2018-12-31
-90.25953385772954,35.05771131032115,1,11615,PurcellMG4,15-May,baseline,1/1/2025,350,750,3996.068292755739,9747.496290389565,107,5,64,38,1299.9096783411394,766.8000028133392,3800.090009689331,30.85978259211001,19.66521748641263,25.26250003926132,31.190163971947843,1,1,6.168911804368583,12.337823608737166,23.627716627395515,512.671908950152,133.57577944291313,111.5221236096426,5.273459340105594,2019-12-31
-90.25953385772954,35.05771131032115,1,11615,PurcellMG4,15-May,baseline,1/1/2025,350,750,3890.270088211387,9782.416407698418,107,6,65,40,1247.9953152073144,946.6499993801117,3743.2299931049347,29.235326186470363,18.525543481111526,23.880434833790947,32.1459017581627,0.9988955594909428,1,6.168911804368583,12.337823608737166,23.627716627395515,511.53581508524894,96.757464451692,362.2721403779902,4.00825128155953,2020-12-31
-91.27144920931379,35.7066116349121,1,6744,PurcellMG4,15-May,baseline,1/1/2025,350,750,3679.7156176175877,8827.762401031367,111,5,65,39,1450.4846996057847,582.4299969673157,3887.9099957942963,31.266304358192112,19.346739126288373,25.306521742240243,33.56065575021212,0.9888605162985452,0.9830327925134876,6.168911804368583,12.337823608737166,23.627716627395515,525.8145564445477,134.8850641126343,72.69943439966096,5.017344367636418,2015-12-31
-91.27144920931379,35.7066116349121,1,6744,PurcellMG4,15-May,baseline,1/1/2025,350,750,3523.268815181089,8442.518164920602,110,7,68,41,1271.7957883163542,596.3599970340729,3725.4100017547607,30.83641296884288,19.88804348655369,25.362228227698285,34.01639338008693,0.9710006229574729,0.9840983594050172,6.168911804368583,12.337823608737166,23.627716627395515,500.0368792999597,141.56633863451418,71.84379112263963,4.938374918464394,2016-12-31
-91.27144920931379,35.7066116349121,1,6744,PurcellMG4,15-May,baseline,1/1/2025,350,750,3844.0417030709823,9543.426103471531,109,5,66,40,1219.6189816090541,658.6000003814697,3722.700005531311,29.6913044763648,18.694021686263707,24.192663081314254,31.767213258586946,0.9988385960330315,0.998606556751689,6.168911804368583,12.337823608737166,23.627716627395515,494.0274524717314,91.06596930984078,184.57568046731421,4.9944082357458885,2017-12-31
-91.27144920931379,35.7066116349121,1,6744,PurcellMG4,15-May,baseline,1/1/2025,350,750,3665.7464480668023,8890.432194034282,108,5,64,37,1332.5952507604873,380.96999645233154,3849.6399993896484,31.178260958713032,19.80706521674343,25.492663087728232,33.9639346951344,0.9785878605913952,0.9882786891499504,6.168911804368583,12.337823608737166,23.627716627395515,538.5870776116191,43.81840551567637,9.2645132015501,6.195592933242823,2018-12-31
-91.27144920931379,35.7066116349121,1,6744,PurcellMG4,15-May,baseline,1/1/2025,350,750,3996.068292755739,9747.496290389565,107,5,64,38,1299.9096783411394,766.8000028133392,3800.090009689331,30.85978259211001,19.66521748641263,25.26250003926132,31.190163971947843,1,1,6.168911804368583,12.337823608737166,23.627716627395515,512.671908950152,133.57577944291313,111.5221236096426,5.273459340105594,2019-12-31
-91.27144920931379,35.7066116349121,1,6744,PurcellMG4,15-May,baseline,1/1/2025,350,750,3890.270088211387,9782.416407698418,107,6,65,40,1247.9953152073144,946.6499993801117,3743.2299931049347,29.235326186470363,18.525543481111526,23.880434833790947,32.1459017581627,0.9988955594909428,1,6.168911804368583,12.337823608737166,23.627716627395515,511.53581508524894,96.757464451692,362.2721403779902,4.00825128155953,2020-12-31
-91.19215908461389,35.636344474262884,1,7284,PurcellMG4,15-May,baseline,1/1/2025,350,750,3679.7156176175877,8827.762401031367,111,5,65,39,1450.4846996057847,582.4299969673157,3887.9099957942963,31.266304358192112,19.346739126288373,25.306521742240243,33.56065575021212,0.9888605162985452,0.9830327925134876,6.168911804368583,12.337823608737166,23.627716627395515,525.8145564445477,134.8850641126343,72.69943439966096,5.017344367636418,2015-12-31
-91.19215908461389,35.636344474262884,1,7284,PurcellMG4,15-May,baseline,1/1/2025,350,750,3523.268815181089,8442.518164920602,110,7,68,41,1271.7957883163542,596.3599970340729,3725.4100017547607,30.83641296884288,19.88804348655369,25.362228227698285,34.01639338008693,0.9710006229574729,0.9840983594050172,6.168911804368583,12.337823608737166,23.627716627395515,500.0368792999597,141.56633863451418,71.84379112263963,4.938374918464394,2016-12-31
-91.19215908461389,35.636344474262884,1,7284,PurcellMG4,15-May,baseline,1/1/2025,350,750,3844.0417030709823,9543.426103471531,109,5,66,40,1219.6189816090541,658.6000003814697,3722.700005531311,29.6913044763648,18.694021686263707,24.192663081314254,31.767213258586946,0.9988385960330315,0.998606556751689,6.168911804368583,12.337823608737166,23.627716627395515,494.0274524717314,91.06596930984078,184.57568046731421,4.9944082357458885,2017-12-31
-91.19215908461389,35.636344474262884,1,7284,PurcellMG4,15-May,baseline,1/1/2025,350,750,3665.7464480668023,8890.432194034282,108,5,64,37,1332.5952507604873,380.96999645233154,3849.6399993896484,31.178260958713032,19.80706521674343,25.492663087728232,33.9639346951344,0.9785878605913952,0.9882786891499504,6.168911804368583,12.337823608737166,23.627716627395515,538.5870776116191,43.81840551567637,9.2645132015501,6.195592933242823,2018-12-31
-91.19215908461389,35.636344474262884,1,7284,PurcellMG4,15-May,baseline,1/1/2025,350,750,3996.068292755739,9747.496290389565,107,5,64,38,1299.9096783411394,766.8000028133392,3800.090009689331,30.85978259211001,19.66521748641263,25.26250003926132,31.190163971947843,1,1,6.168911804368583,12.337823608737166,23.627716627395515,512.671908950152,133.57577944291313,111.5221236096426,5.273459340105594,2019-12-31
-91.19215908461389,35.636344474262884,1,7284,PurcellMG4,15-May,baseline,1/1/2025,350,750,3890.270088211387,9782.416407698418,107,6,65,40,1247.9953152073144,946.6499993801117,3743.2299931049347,29.235326186470363,18.525543481111526,23.880434833790947,32.1459017581627,0.9988955594909428,1,6.168911804368583,12.337823608737166,23.627716627395515,511.53581508524894,96.757464451692,362.2721403779902,4.00825128155953,2020-12-31
-89.91651186466785,35.89089528883186,1,4823,PurcellMG4,15-May,baseline,1/1/2025,350,750,3679.7156176175877,8827.762401031367,111,5,65,39,1450.4846996057847,582.4299969673157,3887.9099957942963,31.266304358192112,19.346739126288373,25.306521742240243,33.56065575021212,0.9888605162985452,0.9830327925134876,6.168911804368583,12.337823608737166,23.627716627395515,525.8145564445477,134.8850641126343,72.69943439966096,5.017344367636418,2015-12-31
-89.91651186466785,35.89089528883186,1,4823,PurcellMG4,15-May,baseline,1/1/2025,350,750,3523.268815181089,8442.518164920602,110,7,68,41,1271.7957883163542,596.3599970340729,3725.4100017547607,30.83641296884288,19.88804348655369,25.362228227698285,34.01639338008693,0.9710006229574729,0.9840983594050172,6.168911804368583,12.337823608737166,23.627716627395515,500.0368792999597,141.56633863451418,71.84379112263963,4.938374918464394,2016-12-31
-89.91651186466785,35.89089528883186,1,4823,PurcellMG4,15-May,baseline,1/1/2025,350,750,3844.0417030709823,9543.426103471531,109,5,66,40,1219.6189816090541,658.6000003814697,3722.700005531311,29.6913044763648,18.694021686263707,24.192663081314254,31.767213258586946,0.9988385960330315,0.998606556751689,6.168911804368583,12.337823608737166,23.627716627395515,494.0274524717314,91.06596930984078,184.57568046731421,4.9944082357458885,2017-12-31
-89.91651186466785,35.89089528883186,1,4823,PurcellMG4,15-May,baseline,1/1/2025,350,750,3665.7464480668023,8890.432194034282,108,5,64,37,1332.5952507604873,380.96999645233154,3849.6399993896484,31.178260958713032,19.80706521674343,25.492663087728232,33.9639346951344,0.9785878605913952,0.9882786891499504,6.168911804368583,12.337823608737166,23.627716627395515,538.5870776116191,43.81840551567637,9.2645132015501,6.195592933242823,2018-12-31
-89.91651186466785,35.89089528883186,1,4823,PurcellMG4,15-May,baseline,1/1/2025,350,750,3996.068292755739,9747.496290389565,107,5,64,38,1299.9096783411394,766.8000028133392,3800.090009689331,30.85978259211001,19.66521748641263,25.26250003926132,31.190163971947843,1,1,6.168911804368583,12.337823608737166,23.627716627395515,512.671908950152,133.57577944291313,111.5221236096426,5.273459340105594,2019-12-31
-89.91651186466785,35.89089528883186,1,4823,PurcellMG4,15-May,baseline,1/1/2025,350,750,3890.270088211387,9782.416407698418,107,6,65,40,1247.9953152073144,946.6499993801117,3743.2299931049347,29.235326186470363,18.525543481111526,23.880434833790947,32.1459017581627,0.9988955594909428,1,6.168911804368583,12.337823608737166,23.627716627395515,511.53581508524894,96.757464451692,362.2721403779902,4.00825128155953,2020-12-31
-90.66417255077471,35.21105027824701,1,10526,PurcellMG4,15-May,baseline,1/1/2025,350,750,3679.7156176175877,8827.762401031367,111,5,65,39,1450.4846996057847,582.4299969673157,3887.9099957942963,31.266304358192112,19.346739126288373,25.306521742240243,33.56065575021212,0.9888605162985452,0.9830327925134876,6.168911804368583,12.337823608737166,23.627716627395515,525.8145564445477,134.8850641126343,72.69943439966096,5.017344367636418,2015-12-31
-90.66417255077471,35.21105027824701,1,10526,PurcellMG4,15-May,baseline,1/1/2025,350,750,3523.268815181089,8442.518164920602,110,7,68,41,1271.7957883163542,596.3599970340729,3725.4100017547607,30.83641296884288,19.88804348655369,25.362228227698285,34.01639338008693,0.9710006229574729,0.9840983594050172,6.168911804368583,12.337823608737166,23.627716627395515,500.0368792999597,141.56633863451418,71.84379112263963,4.938374918464394,2016-12-31
-90.66417255077471,35.21105027824701,1,10526,PurcellMG4,15-May,baseline,1/1/2025,350,750,3844.0417030709823,9543.426103471531,109,5,66,40,1219.6189816090541,658.6000003814697,3722.700005531311,29.6913044763648,18.694021686263707,24.192663081314254,31.767213258586946,0.9988385960330315,0.998606556751689,6.168911804368583,12.337823608737166,23.627716627395515,494.0274524717314,91.06596930984078,184.57568046731421,4.9944082357458885,2017-12-31
-90.66417255077471,35.21105027824701,1,10526,PurcellMG4,15-May,baseline,1/1/2025,350,750,3665.7464480668023,8890.432194034282,108,5,64,37,1332.5952507604873,380.96999645233154,3849.6399993896484,31.178260958713032,19.80706521674343,25.492663087728232,33.9639346951344,0.9785878605913952,0.9882786891499504,6.168911804368583,12.337823608737166,23.627716627395515,538.5870776116191,43.81840551567637,9.2645132015501,6.195592933242823,2018-12-31
-90.66417255077471,35.21105027824701,1,10526,PurcellMG4,15-May,baseline,1/1/2025,350,750,3996.068292755739,9747.496290389565,107,5,64,38,1299.9096783411394,766.8000028133392,3800.090009689331,30.85978259211001,19.66521748641263,25.26250003926132,31.190163971947843,1,1,6.168911804368583,12.337823608737166,23.627716627395515,512.671908950152,133.57577944291313,111.5221236096426,5.273459340105594,2019-12-31
-90.66417255077471,35.21105027824701,1,10526,PurcellMG4,15-May,baseline,1/1/2025,350,750,3890.270088211387,9782.416407698418,107,6,65,40,1247.9953152073144,946.6499993801117,3743.2299931049347,29.235326186470363,18.525543481111526,23.880434833790947,32.1459017581627,0.9988955594909428,1,6.168911804368583,12.337823608737166,23.627716627395515,511.53581508524894,96.757464451692,362.2721403779902,4.00825128155953,2020-12-31
-91.5524336062921,34.24108141634972,1,18551,PurcellMG4,15-May,baseline,1/1/2025,350,750,3679.7156176175877,8827.762401031367,111,5,65,39,1450.4846996057847,582.4299969673157,3887.9099957942963,31.266304358192112,19.346739126288373,25.306521742240243,33.56065575021212,0.9888605162985452,0.9830327925134876,6.168911804368583,12.337823608737166,23.627716627395515,525.8145564445477,134.8850641126343,72.69943439966096,5.017344367636418,2015-12-31
-91.5524336062921,34.24108141634972,1,18551,PurcellMG4,15-May,baseline,1/1/2025,350,750,3523.268815181089,8442.518164920602,110,7,68,41,1271.7957883163542,596.3599970340729,3725.4100017547607,30.83641296884288,19.88804348655369,25.362228227698285,34.01639338008693,0.9710006229574729,0.9840983594050172,6.168911804368583,12.337823608737166,23.627716627395515,500.0368792999597,141.56633863451418,71.84379112263963,4.938374918464394,2016-12-31
-91.5524336062921,34.24108141634972,1,18551,PurcellMG4,15-May,baseline,1/1/2025,350,750,3844.0417030709823,9543.426103471531,109,5,66,40,1219.6189816090541,658.6000003814697,3722.700005531311,29.6913044763648,18.694021686263707,24.192663081314254,31.767213258586946,0.9988385960330315,0.998606556751689,6.168911804368583,12.337823608737166,23.627716627395515,494.0274524717314,91.06596930984078,184.57568046731421,4.9944082357458885,2017-12-31
-91.5524336062921,34.24108141634972,1,18551,PurcellMG4,15-May,baseline,1/1/2025,350,750,3665.7464480668023,8890.432194034282,108,5,64,37,1332.5952507604873,380.96999645233154,3849.6399993896484,31.178260958713032,19.80706521674343,25.492663087728232,33.9639346951344,0.9785878605913952,0.9882786891499504,6.168911804368583,12.337823608737166,23.627716627395515,538.5870776116191,43.81840551567637,9.2645132015501,6.195592933242823,2018-12-31
-91.5524336062921,34.24108141634972,1,18551,PurcellMG4,15-May,baseline,1/1/2025,350,750,3996.068292755739,9747.496290389565,107,5,64,38,1299.9096783411394,766.8000028133392,3800.090009689331,30.85978259211001,19.66521748641263,25.26250003926132,31.190163971947843,1,1,6.168911804368583,12.337823608737166,23.627716627395515,512.671908950152,133.57577944291313,111.5221236096426,5.273459340105594,2019-12-31
-91.5524336062921,34.24108141634972,1,18551,PurcellMG4,15-May,baseline,1/1/2025,350,750,3890.270088211387,9782.416407698418,107,6,65,40,1247.9953152073144,946.6499993801117,3743.2299931049347,29.235326186470363,18.525543481111526,23.880434833790947,32.1459017581627,0.9988955594909428,1,6.168911804368583,12.337823608737166,23.627716627395515,511.53581508524894,96.757464451692,362.2721403779902,4.00825128155953,2020-12-31
-90.93705164442795,36.117603762561586,1,3354,PurcellMG4,15-May,baseline,1/1/2025,350,750,3679.7156176175877,8827.762401031367,111,5,65,39,1450.4846996057847,582.4299969673157,3887.9099957942963,31.266304358192112,19.346739126288373,25.306521742240243,33.56065575021212,0.9888605162985452,0.9830327925134876,6.168911804368583,12.337823608737166,23.627716627395515,525.8145564445477,134.8850641126343,72.69943439966096,5.017344367636418,2015-12-31
-90.93705164442795,36.117603762561586,1,3354,PurcellMG4,15-May,baseline,1/1/2025,350,750,3523.268815181089,8442.518164920602,110,7,68,41,1271.7957883163542,596.3599970340729,3725.4100017547607,30.83641296884288,19.88804348655369,25.362228227698285,34.01639338008693,0.9710006229574729,0.9840983594050172,6.168911804368583,12.337823608737166,23.627716627395515,500.0368792999597,141.56633863451418,71.84379112263963,4.938374918464394,2016-12-31
-90.93705164442795,36.117603762561586,1,3354,PurcellMG4,15-May,baseline,1/1/2025,350,750,3844.0417030709823,9543.426103471531,109,5,66,40,1219.6189816090541,658.6000003814697,3722.700005531311,29.6913044763648,18.694021686263707,24.192663081314254,31.767213258586946,0.9988385960330315,0.998606556751689,6.168911804368583,12.337823608737166,23.627716627395515,494.0274524717314,91.06596930984078,184.57568046731421,4.9944082357458885,2017-12-31
-90.93705164442795,36.117603762561586,1,3354,PurcellMG4,15-May,baseline,1/1/2025,350,750,3665.7464480668023,8890.432194034282,108,5,64,37,1332.5952507604873,380.96999645233154,3849.6399993896484,31.178260958713032,19.80706521674343,25.492663087728232,33.9639346951344,0.9785878605913952,0.9882786891499504,6.168911804368583,12.337823608737166,23.627716627395515,538.5870776116191,43.81840551567637,9.2645132015501,6.195592933242823,2018-12-31
-90.93705164442795,36.117603762561586,1,3354,PurcellMG4,15-May,baseline,1/1/2025,350,750,3996.068292755739,9747.496290389565,107,5,64,38,1299.9096783411394,766.8000028133392,3800.090009689331,30.85978259211001,19.66521748641263,25.26250003926132,31.190163971947843,1,1,6.168911804368583,12.337823608737166,23.627716627395515,512.671908950152,133.57577944291313,111.5221236096426,5.273459340105594,2019-12-31
-90.93705164442795,36.117603762561586,1,3354,PurcellMG4,15-May,baseline,1/1/2025,350,750,3890.270088211387,9782.416407698418,107,6,65,40,1247.9953152073144,946.6499993801117,3743.2299931049347,29.235326186470363,18.525543481111526,23.880434833790947,32.1459017581627,0.9988955594909428,1,6.168911804368583,12.337823608737166,23.627716627395515,511.53581508524894,96.757464451692,362.2721403779902,4.00825128155953,2020-12-31
-91.54689264517046,33.860189645683576,1,21595,PurcellMG4,15-May,baseline,1/1/2025,350,750,3679.7156176175877,8827.762401031367,111,5,65,39,1450.4846996057847,582.4299969673157,3887.9099957942963,31.266304358192112,19.346739126288373,25.306521742240243,33.56065575021212,0.9888605162985452,0.9830327925134876,6.168911804368583,12.337823608737166,23.627716627395515,525.8145564445477,134.8850641126343,72.69943439966096,5.017344367636418,2015-12-31
-91.54689264517046,33.860189645683576,1,21595,PurcellMG4,15-May,baseline,1/1/2025,350,750,3523.268815181089,8442.518164920602,110,7,68,41,1271.7957883163542,596.3599970340729,3725.4100017547607,30.83641296884288,19.88804348655369,25.362228227698285,34.01639338008693,0.9710006229574729,0.9840983594050172,6.168911804368583,12.337823608737166,23.627716627395515,500.0368792999597,141.56633863451418,71.84379112263963,4.938374918464394,2016-12-31
-91.54689264517046,33.860189645683576,1,21595,PurcellMG4,15-May,baseline,1/1/2025,350,750,3844.0417030709823,9543.426103471531,109,5,66,40,1219.6189816090541,658.6000003814697,3722.700005531311,29.6913044763648,18.694021686263707,24.192663081314254,31.767213258586946,0.9988385960330315,0.998606556751689,6.168911804368583,12.337823608737166,23.627716627395515,494.0274524717314,91.06596930984078,184.57568046731421,4.9944082357458885,2017-12-31
-91.54689264517046,33.860189645683576,1,21595,PurcellMG4,15-May,baseline,1/1/2025,350,750,3665.7464480668023,8890.432194034282,108,5,64,37,1332.5952507604873,380.96999645233154,3849.6399993896484,31.178260958713032,19.80706521674343,25.492663087728232,33.9639346951344,0.9785878605913952,0.9882786891499504,6.168911804368583,12.337823608737166,23.627716627395515,538.5870776116191,43.81840551567637,9.2645132015501,6.195592933242823,2018-12-31
-91.54689264517046,33.860189645683576,1,21595,PurcellMG4,15-May,baseline,1/1/2025,350,750,3996.068292755739,9747.496290389565,107,5,64,38,1299.9096783411394,766.8000028133392,3800.090009689331,30.85978259211001,19.66521748641263,25.26250003926132,31.190163971947843,1,1,6.168911804368583,12.337823608737166,23.627716627395515,512.671908950152,133.57577944291313,111.5221236096426,5.273459340105594,2019-12-31
-91.54689264517046,33.860189645683576,1,21595,PurcellMG4,15-May,baseline,1/1/2025,350,750,3890.270088211387,9782.416407698418,107,6,65,40,1247.9953152073144,946.6499993801117,3743.2299931049347,29.235326186470363,18.525543481111526,23.880434833790947,32.1459017581627,0.9988955594909428,1,6.168911804368583,12.337823608737166,23.627716627395515,511.53581508524894,96.757464451692,362.2721403779902,4.00825128155953,2020-12-31
-91.0134875334247,34.95788990364149,1,12662,PurcellMG4,15-May,climate_change,1/1/1980,350,750,3343.9217405194727,7760.225492404078,113,4,64,37,1510.7270112163026,582.4299969673157,3887.9099957942963,33.26630435819211,21.346739126288373,27.306521742240243,35.56065575021212,0.9648521311562948,0.9063934591949966,6.168911804368583,12.337823608737166,23.627716627395515,566.2065866903017,130.01210149436304,69.68426189117545,4.365986239102951,2015-12-31
-91.0134875334247,34.95788990364149,1,12662,PurcellMG4,15-May,climate_change,1/1/1980,350,750,3179.5733545853495,7521.875322946233,111,6,68,39,1309.3239307042682,596.3599970340729,3725.4100017547607,32.83641296884288,21.88804348655369,27.362228227698285,36.01639338008693,0.9469803099391595,0.8938524621431944,6.168911804368583,12.337823608737166,23.627716627395515,543.8452206911574,137.69611937233043,68.89308253670771,4.2369769547196166,2016-12-31
-91.0134875334247,34.95788990364149,1,12662,PurcellMG4,15-May,climate_change,1/1/1980,350,750,3534.50409632763,8787.7122437979,106,4,64,37,1235.6608585504423,658.6000003814697,3722.700005531311,31.6913044763648,20.694021686263707,26.192663081314254,33.76721325858695,0.9716959081255359,0.9733606588645057,6.168911804368583,12.337823608737166,23.627716627395515,521.0915798435719,87.16476740140259,173.2773948818835,4.522522708627865,2017-12-31
-91.0134875334247,34.95788990364149,1,12662,PurcellMG4,15-May,climate_change,1/1/1980,350,750,3323.259690338595,7802.820309194911,111,5,66,38,1377.8026492248507,380.96999645233154,3849.6399993896484,33.17826095871303,21.80706521674343,27.492663087728232,35.9639346951344,0.9576473690200593,0.9154098354402136,6.168911804368583,12.337823608737166,23.627716627395515,578.8904577646309,43.04158109781828,9.264477630194586,5.265015892047189,2018-12-31
-91.0134875334247,34.95788990364149,1,12662,PurcellMG4,15-May,climate_change,1/1/1980,350,750,3581.2468672281307,8598.46571411835,107,5,62,36,1296.5545250699217,766.8000028133392,3800.090009689331,32.859782592110015,21.66521748641263,27.26250003926132,33.19016397194784,0.9999688442838013,0.9834426254522607,6.168911804368583,12.337823608737166,23.627716627395515,543.4161977236884,131.65853420779604,107.64676122814761,4.575378213739372,2019-12-31
-91.0134875334247,34.95788990364149,1,12662,PurcellMG4,15-May,climate_change,1/1/1980,350,750,3461.6338439723086,8747.565066160292,106,5,64,38,1248.4354058965464,946.6499993801117,3743.2299931049347,31.235326186470363,20.525543481111526,25.880434833790947,34.1459017581627,0.9831681446381821,0.9662295060079604,6.168911804368583,12.337823608737166,23.627716627395515,535.1332790968689,98.05333632964003,352.6749850147976,3.5112776909281775,2020-12-31
-91.04206014747538,34.086034535644565,1,19644,PurcellMG4,15-May,climate_change,1/1/1980,350,750,3343.9217405194727,7760.225492404078,113,4,64,37,1510.7270112163026,582.4299969673157,3887.9099957942963,33.26630435819211,21.346739126288373,27.306521742240243,35.56065575021212,0.9648521311562948,0.9063934591949966,6.168911804368583,12.337823608737166,23.627716627395515,566.2065866903017,130.01210149436304,69.68426189117545,4.365986239102951,2015-12-31
-91.04206014747538,34.086034535644565,1,19644,PurcellMG4,15-May,climate_change,1/1/1980,350,750,3179.5733545853495,7521.875322946233,111,6,68,39,1309.3239307042682,596.3599970340729,3725.4100017547607,32.83641296884288,21.88804348655369,27.362228227698285,36.01639338008693,0.9469803099391595,0.8938524621431944,6.168911804368583,12.337823608737166,23.627716627395515,543.8452206911574,137.69611937233043,68.89308253670771,4.2369769547196166,2016-12-31
-91.04206014747538,34.086034535644565,1,19644,PurcellMG4,15-May,climate_change,1/1/1980,350,750,3534.50409632763,8787.7122437979,106,4,64,37,1235.6608585504423,658.6000003814697,3722.700005531311,31.6913044763648,20.694021686263707,26.192663081314254,33.76721325858695,0.9716959081255359,0.9733606588645057,6.168911804368583,12.337823608737166,23.627716627395515,521.0915798435719,87.16476740140259,173.2773948818835,4.522522708627865,2017-12-31
-91.04206014747538,34.086034535644565,1,19644,PurcellMG4,15-May,climate_change,1/1/1980,350,750,3323.259690338595,7802.820309194911,111,5,66,38,1377.8026492248507,380.96999645233154,3849.6399993896484,33.17826095871303,21.80706521674343,27.492663087728232,35.9639346951344,0.9576473690200593,0.9154098354402136,6.168911804368583,12.337823608737166,23.627716627395515,578.8904577646309,43.04158109781828,9.264477630194586,5.265015892047189,2018-12-31
-91.04206014747538,34.086034535644565,1,19644,PurcellMG4,15-May,climate_change,1/1/1980,350,750,3581.2468672281307,8598.46571411835,107,5,62,36,1296.5545250699217,766.8000028133392,3800.090009689331,32.859782592110015,21.66521748641263,27.26250003926132,33.19016397194784,0.9999688442838013,0.9834426254522607,6.168911804368583,12.337823608737166,23.627716627395515,543.4161977236884,131.65853420779604,107.64676122814761,4.575378213739372,2019-12-31
-91.04206014747538,34.086034535644565,1,19644,PurcellMG4,15-May,climate_change,1/1/1980,350,750,3461.6338439723086,8747.565066160292,106,5,64,38,1248.4354058965464,946.6499993801117,3743.2299931049347,31.235326186470363,20.525543481111526,25.880434833790947,34.1459017581627,0.9831681446381821,0.9662295060079604,6.168911804368583,12.337823608737166,23.627716627395515,535.1332790968689,98.05333632964003,352.6749850147976,3.5112776909281775,2020-12-31
-90.25953385772954,35.05771131032115,1,11615,PurcellMG4,15-May,climate_change,1/1/1980,350,750,3343.9217405194727,7760.225492404078,113,4,64,37,1510.7270112163026,582.4299969673157,3887.9099957942963,33.26630435819211,21.346739126288373,27.306521742240243,35.56065575021212,0.9648521311562948,0.9063934591949966,6.168911804368583,12.337823608737166,23.627716627395515,566.2065866903017,130.01210149436304,69.68426189117545,4.365986239102951,2015-12-31
-90.25953385772954,35.05771131032115,1,11615,PurcellMG4,15-May,climate_change,1/1/1980,350,750,3179.5733545853495,7521.875322946233,111,6,68,39,1309.3239307042682,596.3599970340729,3725.4100017547607,32.83641296884288,21.88804348655369,27.362228227698285,36.01639338008693,0.9469803099391595,0.8938524621431944,6.168911804368583,12.337823608737166,23.627716627395515,543.8452206911574,137.69611937233043,68.89308253670771,4.2369769547196166,2016-12-31
-90.25953385772954,35.05771131032115,1,11615,PurcellMG4,15-May,climate_change,1/1/1980,350,750,3534.50409632763,8787.7122437979,106,4,64,37,1235.6608585504423,658.6000003814697,3722.700005531311,31.6913044763648,20.694021686263707,26.192663081314254,33.76721325858695,0.9716959081255359,0.9733606588645057,6.168911804368583,12.337823608737166,23.627716627395515,521.0915798435719,87.16476740140259,173.2773948818835,4.522522708627865,2017-12-31
-90.25953385772954,35.05771131032115,1,11615,PurcellMG4,15-May,climate_change,1/1/1980,350,750,3323.259690338595,7802.820309194911,111,5,66,38,1377.8026492248507,380.96999645233154,3849.6399993896484,33.17826095871303,21.80706521674343,27.492663087728232,35.9639346951344,0.9576473690200593,0.9154098354402136,6.168911804368583,12.337823608737166,23.627716627395515,578.8904577646309,43.04158109781828,9.264477630194586,5.265015892047189,2018-12-31
-90.25953385772954,35.05771131032115,1,11615,PurcellMG4,15-May,climate_change,1/1/1980,350,750,3581.2468672281307,8598.46571411835,107,5,62,36,1296.5545250699217,766.8000028133392,3800.090009689331,32.859782592110015,21.66521748641263,27.26250003926132,33.19016397194784,0.9999688442838013,0.9834426254522607,6.168911804368583,12.337823608737166,23.627716627395515,543.4161977236884,131.65853420779604,107.64676122814761,4.575378213739372,2019-12-31
-90.25953385772954,35.05771131032115,1,11615,PurcellMG4,15-May,climate_change,1/1/1980,350,750,3461.6338439723086,8747.565066160292,106,5,64,38,1248.4354058965464,946.6499993801117,3743.2299931049347,31.235326186470363,20.525543481111526,25.880434833790947,34.1459017581627,0.9831681446381821,0.9662295060079604,6.168911804368583,12.337823608737166,23.627716627395515,535.1332790968689,98.05333632964003,352.6749850147976,3.5112776909281775,2020-12-31
-91.27144920931379,35.7066116349121,1,6744,PurcellMG4,15-May,climate_change,1/1/1980,350,750,3343.9217405194727,7760.225492404078,113,4,64,37,1510.7270112163026,582.4299969673157,3887.9099957942963,33.26630435819211,21.346739126288373,27.306521742240243,35.56065575021212,0.9648521311562948,0.9063934591949966,6.168911804368583,12.337823608737166,23.627716627395515,566.2065866903017,130.01210149436304,69.68426189117545,4.365986239102951,2015-12-31
-91.27144920931379,35.7066116349121,1,6744,PurcellMG4,15-May,climate_change,1/1/1980,350,750,3179.5733545853495,7521.875322946233,111,6,68,39,1309.3239307042682,596.3599970340729,3725.4100017547607,32.83641296884288,21.88804348655369,27.362228227698285,36.01639338008693,0.9469803099391595,0.8938524621431944,6.168911804368583,12.337823608737166,23.627716627395515,543.8452206911574,137.69611937233043,68.89308253670771,4.2369769547196166,2016-12-31
-91.27144920931379,35.7066116349121,1,6744,PurcellMG4,15-May,climate_change,1/1/1980,350,750,3534.50409632763,8787.7122437979,106,4,64,37,1235.6608585504423,658.6000003814697,3722.700005531311,31.6913044763648,20.694021686263707,26.192663081314254,33.76721325858695,0.9716959081255359,0.9733606588645057,6.168911804368583,12.337823608737166,23.627716627395515,521.0915798435719,87.16476740140259,173.2773948818835,4.522522708627865,2017-12-31
-91.27144920931379,35.7066116349121,1,6744,PurcellMG4,15-May,climate_change,1/1/1980,350,750,3323.259690338595,7802.820309194911,111,5,66,38,1377.8026492248507,380.96999645233154,3849.6399993896484,33.17826095871303,21.80706521674343,27.492663087728232,35.9639346951344,0.9576473690200593,0.9154098354402136,6.168911804368583,12.337823608737166,23.627716627395515,578.8904577646309,43.04158109781828,9.264477630194586,5.265015892047189,2018-12-31
-91.27144920931379,35.7066116349121,1,6744,PurcellMG4,15-May,climate_change,1/1/1980,350,750,3581.2468672281307,8598.46571411835,107,5,62,36,1296.5545250699217,766.8000028133392,3800.090009689331,32.859782592110015,21.66521748641263,27.26250003926132,33.19016397194784,0.9999688442838013,0.9834426254522607,6.168911804368583,12.337823608737166,23.627716627395515,543.4161977236884,131.65853420779604,107.64676122814761,4.575378213739372,2019-12-31
-91.27144920931379,35.7066116349121,1,6744,PurcellMG4,15-May,climate_change,1/1/1980,350,750,3461.6338439723086,8747.565066160292,106,5,64,38,1248.4354058965464,946.6499993801117,3743.2299931049347,31.235326186470363,20.525543481111526,25.880434833790947,34.1459017581627,0.9831681446381821,0.9662295060079604,6.168911804368583,12.337823608737166,23.627716627395515,535.1332790968689,98.05333632964003,352.6749850147976,3.5112776909281775,2020-12-31
-91.19215908461389,35.636344474262884,1,7284,PurcellMG4,15-May,climate_change,1/1/1980,350,750,3343.9217405194727,7760.225492404078,113,4,64,37,1510.7270112163026,582.4299969673157,3887.9099957942963,33.26630435819211,21.346739126288373,27.306521742240243,35.56065575021212,0.9648521311562948,0.9063934591949966,6.168911804368583,12.337823608737166,23.627716627395515,566.2065866903017,130.01210149436304,69.68426189117545,4.365986239102951,2015-12-31
-91.19215908461389,35.636344474262884,1,7284,PurcellMG4,15-May,climate_change,1/1/1980,350,750,3179.5733545853495,7521.875322946233,111,6,68,39,1309.3239307042682,596.3599970340729,3725.4100017547607,32.83641296884288,21.88804348655369,27.362228227698285,36.01639338008693,0.9469803099391595,0.8938524621431944,6.168911804368583,12.337823608737166,23.627716627395515,543.8452206911574,137.69611937233043,68.89308253670771,4.2369769547196166,2016-12-31
-91.19215908461389,35.636344474262884,1,7284,PurcellMG4,15-May,climate_change,1/1/1980,350,750,3534.50409632763,8787.7122437979,106,4,64,37,1235.6608585504423,658.6000003814697,3722.700005531311,31.6913044763648,20.694021686263707,26.192663081314254,33.76721325858695,0.9716959081255359,0.9733606588645057,6.168911804368583,12.337823608737166,23.627716627395515,521.0915798435719,87.16476740140259,173.2773948818835,4.522522708627865,2017-12-31
-91.19215908461389,35.636344474262884,1,7284,PurcellMG4,15-May,climate_change,1/1/1980,350,750,3323.259690338595,7802.820309194911,111,5,66,38,1377.8026492248507,380.96999645233154,3849.6399993896484,33.17826095871303,21.80706521674343,27.492663087728232,35.9639346951344,0.9576473690200593,0.9154098354402136,6.168911804368583,12.337823608737166,23.627716627395515,578.8904577646309,43.04158109781828,9.264477630194586,5.265015892047189,2018-12-31
-91.19215908461389,35.636344474262884,1,7284,PurcellMG4,15-May,climate_change,1/1/1980,350,750,3581.2468672281307,8598.46571411835,107,5,62,36,1296.5545250699217,766.8000028133392,3800.090009689331,32.859782592110015,21.66521748641263,27.26250003926132,33.19016397194784,0.9999688442838013,0.9834426254522607,6.168911804368583,12.337823608737166,23.627716627395515,543.4161977236884,131.65853420779604,107.64676122814761,4.575378213739372,2019-12-31
-91.19215908461389,35.636344474262884,1,7284,PurcellMG4,15-May,climate_change,1/1/1980,350,750,3461.6338439723086,8747.565066160292,106,5,64,38,1248.4354058965464,946.6499993801117,3743.2299931049347,31.235326186470363,20.525543481111526,25.880434833790947,34.1459017581627,0.9831681446381821,0.9662295060079604,6.168911804368583,12.337823608737166,23.627716627395515,535.1332790968689,98.05333632964003,352.6749850147976,3.5112776909281775,2020-12-31
-89.91651186466785,35.89089528883186,1,4823,PurcellMG4,15-May,climate_change,1/1/1980,350,750,3343.9217405194727,7760.225492404078,113,4,64,37,1510.7270112163026,582.4299969673157,3887.9099957942963,33.26630435819211,21.346739126288373,27.306521742240243,35.56065575021212,0.9648521311562948,0.9063934591949966,6.168911804368583,12.337823608737166,23.627716627395515,566.2065866903017,130.01210149436304,69.68426189117545,4.365986239102951,2015-12-31
-89.91651186466785,35.89089528883186,1,4823,PurcellMG4,15-May,climate_change,1/1/1980,350,750,3179.5733545853495,7521.875322946233,111,6,68,39,1309.3239307042682,596.3599970340729,3725.4100017547607,32.83641296884288,21.88804348655369,27.362228227698285,36.01639338008693,0.9469803099391595,0.8938524621431944,6.168911804368583,12.337823608737166,23.627716627395515,543.8452206911574,137.69611937233043,68.89308253670771,4.2369769547196166,2016-12-31
-89.91651186466785,35.89089528883186,1,4823,PurcellMG4,15-May,climate_change,1/1/1980,350,750,3534.50409632763,8787.7122437979,106,4,64,37,1235.6608585504423,658.6000003814697,3722.700005531311,31.6913044763648,20.694021686263707,26.192663081314254,33.76721325858695,0.9716959081255359,0.9733606588645057,6.168911804368583,12.337823608737166,23.627716627395515,521.0915798435719,87.16476740140259,173.2773948818835,4.522522708627865,2017-12-31
-89.91651186466785,35.89089528883186,1,4823,PurcellMG4,15-May,climate_change,1/1/1980,350,750,3323.259690338595,7802.820309194911,111,5,66,38,1377.8026492248507,380.96999645233154,3849.6399993896484,33.17826095871303,21.80706521674343,27.492663087728232,35.9639346951344,0.9576473690200593,0.9154098354402136,6.168911804368583,12.337823608737166,23.627716627395515,578.8904577646309,43.04158109781828,9.264477630194586,5.265015892047189,2018-12-31
-89.91651186466785,35.89089528883186,1,4823,PurcellMG4,15-May,climate_change,1/1/1980,350,750,3581.2468672281307,8598.46571411835,107,5,62,36,1296.5545250699217,766.8000028133392,3800.090009689331,32.859782592110015,21.66521748641263,27.26250003926132,33.19016397194784,0.9999688442838013,0.9834426254522607,6.168911804368583,12.337823608737166,23.627716627395515,543.4161977236884,131.65853420779604,107.64676122814761,4.575378213739372,2019-12-31
-89.91651186466785,35.89089528883186,1,4823,PurcellMG4,15-May,climate_change,1/1/1980,350,750,3461.6338439723086,8747.565066160292,106,5,64,38,1248.4354058965464,946.6499993801117,3743.2299931049347,31.235326186470363,20.525543481111526,25.880434833790947,34.1459017581627,0.9831681446381821,0.9662295060079604,6.168911804368583,12.337823608737166,23.627716627395515,535.1332790968689,98.05333632964003,352.6749850147976,3.5112776909281775,2020-12-31
-90.66417255077471,35.21105027824701,1,10526,PurcellMG4,15-May,climate_change,1/1/1980,350,750,3343.9217405194727,7760.225492404078,113,4,64,37,1510.7270112163026,582.4299969673157,3887.9099957942963,33.26630435819211,21.346739126288373,27.306521742240243,35.56065575021212,0.9648521311562948,0.9063934591949966,6.168911804368583,12.337823608737166,23.627716627395515,566.2065866903017,130.01210149436304,69.68426189117545,4.365986239102951,2015-12-31
-90.66417255077471,35.21105027824701,1,10526,PurcellMG4,15-May,climate_change,1/1/1980,350,750,3179.5733545853495,7521.875322946233,111,6,68,39,1309.3239307042682,596.3599970340729,3725.4100017547607,32.83641296884288,21.88804348655369,27.362228227698285,36.01639338008693,0.9469803099391595,0.8938524621431944,6.168911804368583,12.337823608737166,23.627716627395515,543.8452206911574,137.69611937233043,68.89308253670771,4.2369769547196166,2016-12-31
-90.66417255077471,35.21105027824701,1,10526,PurcellMG4,15-May,climate_change,1/1/1980,350,750,3534.50409632763,8787.7122437979,106,4,64,37,1235.6608585504423,658.6000003814697,3722.700005531311,31.6913044763648,20.694021686263707,26.192663081314254,33.76721325858695,0.9716959081255359,0.9733606588645057,6.168911804368583,12.337823608737166,23.627716627395515,521.0915798435719,87.16476740140259,173.2773948818835,4.522522708627865,2017-12-31
-90.66417255077471,35.21105027824701,1,10526,PurcellMG4,15-May,climate_change,1/1/1980,350,750,3323.259690338595,7802.820309194911,111,5,66,38,1377.8026492248507,380.96999645233154,3849.6399993896484,33.17826095871303,21.80706521674343,27.492663087728232,35.9639346951344,0.9576473690200593,0.9154098354402136,6.168911804368583,12.337823608737166,23.627716627395515,578.8904577646309,43.04158109781828,9.264477630194586,5.265015892047189,2018-12-31
-90.66417255077471,35.21105027824701,1,10526,PurcellMG4,15-May,climate_change,1/1/1980,350,750,3581.2468672281307,8598.46571411835,107,5,62,36,1296.5545250699217,766.8000028133392,3800.090009689331,32.859782592110015,21.66521748641263,27.26250003926132,33.19016397194784,0.9999688442838013,0.9834426254522607,6.168911804368583,12.337823608737166,23.627716627395515,543.4161977236884,131.65853420779604,107.64676122814761,4.575378213739372,2019-12-31
-90.66417255077471,35.21105027824701,1,10526,PurcellMG4,15-May,climate_change,1/1/1980,350,750,3461.6338439723086,8747.565066160292,106,5,64,38,1248.4354058965464,946.6499993801117,3743.2299931049347,31.235326186470363,20.525543481111526,25.880434833790947,34.1459017581627,0.9831681446381821,0.9662295060079604,6.168911804368583,12.337823608737166,23.627716627395515,535.1332790968689,98.05333632964003,352.6749850147976,3.5112776909281775,2020-12-31
-91.5524336062921,34.24108141634972,1,18551,PurcellMG4,15-May,climate_change,1/1/1980,350,750,3343.9217405194727,7760.225492404078,113,4,64,37,1510.7270112163026,582.4299969673157,3887.9099957942963,33.26630435819211,21.346739126288373,27.306521742240243,35.56065575021212,0.9648521311562948,0.9063934591949966,6.168911804368583,12.337823608737166,23.627716627395515,566.2065866903017,130.01210149436304,69.68426189117545,4.365986239102951,2015-12-31
-91.5524336062921,34.24108141634972,1,18551,PurcellMG4,15-May,climate_change,1/1/1980,350,750,3179.5733545853495,7521.875322946233,111,6,68,39,1309.3239307042682,596.3599970340729,3725.4100017547607,32.83641296884288,21.88804348655369,27.362228227698285,36.01639338008693,0.9469803099391595,0.8938524621431944,6.168911804368583,12.337823608737166,23.627716627395515,543.8452206911574,137.69611937233043,68.89308253670771,4.2369769547196166,2016-12-31
-91.5524336062921,34.24108141634972,1,18551,PurcellMG4,15-May,climate_change,1/1/1980,350,750,3534.50409632763,8787.7122437979,106,4,64,37,1235.6608585504423,658.6000003814697,3722.700005531311,31.6913044763648,20.694021686263707,26.192663081314254,33.76721325858695,0.9716959081255359,0.9733606588645057,6.168911804368583,12.337823608737166,23.627716627395515,521.0915798435719,87.16476740140259,173.2773948818835,4.522522708627865,2017-12-31
-91.5524336062921,34.24108141634972,1,18551,PurcellMG4,15-May,climate_change,1/1/1980,350,750,3323.259690338595,7802.820309194911,111,5,66,38,1377.8026492248507,380.96999645233154,3849.6399993896484,33.17826095871303,21.80706521674343,27.492663087728232,35.9639346951344,0.9576473690200593,0.9154098354402136,6.168911804368583,12.337823608737166,23.627716627395515,578.8904577646309,43.04158109781828,9.264477630194586,5.265015892047189,2018-12-31
-91.5524336062921,34.24108141634972,1,18551,PurcellMG4,15-May,climate_change,1/1/1980,350,750,3581.2468672281307,8598.46571411835,107,5,62,36,1296.5545250699217,766.8000028133392,3800.090009689331,32.859782592110015,21.66521748641263,27.26250003926132,33.19016397194784,0.9999688442838013,0.9834426254522607,6.168911804368583,12.337823608737166,23.627716627395515,543.4161977236884,131.65853420779604,107.64676122814761,4.575378213739372,2019-12-31
-91.5524336062921,34.24108141634972,1,18551,PurcellMG4,15-May,climate_change,1/1/1980,350,750,3461.6338439723086,8747.565066160292,106,5,64,38,1248.4354058965464,946.6499993801117,3743.2299931049347,31.235326186470363,20.525543481111526,25.880434833790947,34.1459017581627,0.9831681446381821,0.9662295060079604,6.168911804368583,12.337823608737166,23.627716627395515,535.1332790968689,98.05333632964003,352.6749850147976,3.5112776909281775,2020-12-31
-90.93705164442795,36.117603762561586,1,3354,PurcellMG4,15-May,climate_change,1/1/1980,350,750,3343.9217405194727,7760.225492404078,113,4,64,37,1510.7270112163026,582.4299969673157,3887.9099957942963,33.26630435819211,21.346739126288373,27.306521742240243,35.56065575021212,0.9648521311562948,0.9063934591949966,6.168911804368583,12.337823608737166,23.627716627395515,566.2065866903017,130.01210149436304,69.68426189117545,4.365986239102951,2015-12-31
-90.93705164442795,36.117603762561586,1,3354,PurcellMG4,15-May,climate_change,1/1/1980,350,750,3179.5733545853495,7521.875322946233,111,6,68,39,1309.3239307042682,596.3599970340729,3725.4100017547607,32.83641296884288,21.88804348655369,27.362228227698285,36.01639338008693,0.9469803099391595,0.8938524621431944,6.168911804368583,12.337823608737166,23.627716627395515,543.8452206911574,137.69611937233043,68.89308253670771,4.2369769547196166,2016-12-31
-90.93705164442795,36.117603762561586,1,3354,PurcellMG4,15-May,climate_change,1/1/1980,350,750,3534.50409632763,8787.7122437979,106,4,64,37,1235.6608585504423,658.6000003814697,3722.700005531311,31.6913044763648,20.694021686263707,26.192663081314254,33.76721325858695,0.9716959081255359,0.9733606588645057,6.168911804368583,12.337823608737166,23.627716627395515,521.0915798435719,87.16476740140259,173.2773948818835,4.522522708627865,2017-12-31
-90.93705164442795,36.117603762561586,1,3354,PurcellMG4,15-May,climate_change,1/1/1980,350,750,3323.259690338595,7802.820309194911,111,5,66,38,1377.8026492248507,380.96999645233154,3849.6399993896484,33.17826095871303,21.80706521674343,27.492663087728232,35.9639346951344,0.9576473690200593,0.9154098354402136,6.168911804368583,12.337823608737166,23.627716627395515,578.8904577646309,43.04158109781828,9.264477630194586,5.265015892047189,2018-12-31
-90.93705164442795,36.117603762561586,1,3354,PurcellMG4,15-May,climate_change,1/1/1980,350,750,3581.2468672281307,8598.46571411835,107,5,62,36,1296.5545250699217,766.8000028133392,3800.090009689331,32.859782592110015,21.66521748641263,27.26250003926132,33.19016397194784,0.9999688442838013,0.9834426254522607,6.168911804368583,12.337823608737166,23.627716627395515,543.4161977236884,131.65853420779604,107.64676122814761,4.575378213739372,2019-12-31
-90.93705164442795,36.117603762561586,1,3354,PurcellMG4,15-May,climate_change,1/1/1980,350,750,3461.6338439723086,8747.565066160292,106,5,64,38,1248.4354058965464,946.6499993801117,3743.2299931049347,31.235326186470363,20.525543481111526,25.880434833790947,34.1459017581627,0.9831681446381821,0.9662295060079604,6.168911804368583,12.337823608737166,23.627716627395515,535.1332790968689,98.05333632964003,352.6749850147976,3.5112776909281775,2020-12-31
-91.54689264517046,33.860189645683576,1,21595,PurcellMG4,15-May,climate_change,1/1/1980,350,750,3343.9217405194727,7760.225492404078,113,4,64,37,1510.7270112163026,582.4299969673157,3887.9099957942963,33.26630435819211,21.346739126288373,27.306521742240243,35.56065575021212,0.9648521311562948,0.9063934591949966,6.168911804368583,12.337823608737166,23.627716627395515,566.2065866903017,130.01210149436304,69.68426189117545,4.365986239102951,2015-12-31
-91.54689264517046,33.860189645683576,1,21595,PurcellMG4,15-May,climate_change,1/1/1980,350,750,3179.5733545853495,7521.875322946233,111,6,68,39,1309.3239307042682,596.3599970340729,3725.4100017547607,32.83641296884288,21.88804348655369,27.362228227698285,36.01639338008693,0.9469803099391595,0.8938524621431944,6.168911804368583,12.337823608737166,23.627716627395515,543.8452206911574,137.69611937233043,68.89308253670771,4.2369769547196166,2016-12-31
-91.54689264517046,33.860189645683576,1,21595,PurcellMG4,15-May,climate_change,1/1/1980,350,750,3534.50409632763,8787.7122437979,106,4,64,37,1235.6608585504423,658.6000003814697,3722.700005531311,31.6913044763648,20.694021686263707,26.192663081314254,33.76721325858695,0.9716959081255359,0.9733606588645057,6.168911804368583,12.337823608737166,23.627716627395515,521.0915798435719,87.16476740140259,173.2773948818835,4.522522708627865,2017-12-31
-91.54689264517046,33.860189645683576,1,21595,PurcellMG4,15-May,climate_change,1/1/1980,350,750,3323.259690338595,7802.820309194911,111,5,66,38,1377.8026492248507,380.96999645233154,3849.6399993896484,33.17826095871303,21.80706521674343,27.492663087728232,35.9639346951344,0.9576473690200593,0.9154098354402136,6.168911804368583,12.337823608737166,23.627716627395515,578.8904577646309,43.04158109781828,9.264477630194586,5.265015892047189,2018-12-31
-91.54689264517046,33.860189645683576,1,21595,PurcellMG4,15-May,climate_change,1/1/1980,350,750,3581.2468672281307,8598.46571411835,107,5,62,36,1296.5545250699217,766.8000028133392,3800.090009689331,32.859782592110015,21.66521748641263,27.26250003926132,33.19016397194784,0.9999688442838013,0.9834426254522607,6.168911804368583,12.337823608737166,23.627716627395515,543.4161977236884,131.65853420779604,107.64676122814761,4.575378213739372,2019-12-31
-91.54689264517046,33.860189645683576,1,21595,PurcellMG4,15-May,climate_change,1/1/1980,350,750,3461.6338439723086,8747.565066160292,106,5,64,38,1248.4354058965464,946.6499993801117,3743.2299931049347,31.235326186470363,20.525543481111526,25.880434833790947,34.1459017581627,0.9831681446381821,0.9662295060079604,6.168911804368583,12.337823608737166,23.627716627395515,535.1332790968689,98.05333632964003,352.6749850147976,3.5112776909281775,2020-12-31
-91.0134875334247,34.95788990364149,1,12662,PurcellMG4,15-Apr,early_sowing,1/1/1980,350,750,3508.043053513856,8875.329008644123,122,7,65,39,1415.1887809998475,582.4299969673157,3887.9099957942963,33.26630435819211,21.346739126288373,27.306521742240243,35.56065575021212,0.8876318770472393,0.9063934591949966,6.168911804368583,12.337823608737166,23.627716627395515,619.5931545809178,152.66333300473886,197.56964584022612,3.6171875892040517,2015-12-31
-91.0134875334247,34.95788990364149,1,12662,PurcellMG4,15-Apr,early_sowing,1/1/1980,350,750,3489.2321508610157,8712.254537277851,121,6,65,38,1446.1280292162278,596.3599970340729,3725.4100017547607,32.83641296884288,21.88804348655369,27.362228227698285,36.01639338008693,0.8218531227878583,0.8938524621431944,6.168911804368583,12.337823608737166,23.627716627395515,579.8545628076712,143.47355691234284,129.31094732074607,4.092273373035831,2016-12-31
-91.0134875334247,34.95788990364149,1,12662,PurcellMG4,15-Apr,early_sowing,1/1/1980,350,750,3669.949189878243,9280.895693740684,116,5,65,38,1334.061411164705,658.6000003814697,3722.700005531311,31.6913044763648,20.694021686263707,26.192663081314254,33.76721325858695,0.8498294848770519,0.9733606588645057,6.168911804368583,12.337823608737166,23.627716627395515,537.2395994308187,99.38384034716213,167.70468741437207,4.562751277502676,2017-12-31
-91.0134875334247,34.95788990364149,1,12662,PurcellMG4,15-Apr,early_sowing,1/1/1980,350,750,3430.0466755744083,8480.87733972784,120,9,67,39,1488.3330392619077,380.96999645233154,3849.6399993896484,33.17826095871303,21.80706521674343,27.492663087728232,35.9639346951344,0.7046496170053197,0.9154098354402136,6.168911804368583,12.337823608737166,23.627716627395515,576.0229141120251,79.3422636851022,15.345415081411216,5.114048759619886,2018-12-31
-91.0134875334247,34.95788990364149,1,12662,PurcellMG4,15-Apr,early_sowing,1/1/1980,350,750,3707.5808706452754,9483.58882996423,115,7,63,37,1288.192379550319,766.8000028133392,3800.090009689331,32.859782592110015,21.66521748641263,27.26250003926132,33.19016397194784,0.9236239542935722,0.9834426254522607,6.168911804368583,12.337823608737166,23.627716627395515,565.4841712294804,124.5603063230207,249.7310124400664,3.9451772366127558,2019-12-31
-91.0134875334247,34.95788990364149,1,12662,PurcellMG4,15-Apr,early_sowing,1/1/1980,350,750,3730.345743424963,9481.696827371006,118,8,68,40,1334.2871957883158,946.6499993801117,3743.2299931049347,31.235326186470363,20.525543481111526,25.880434833790947,34.1459017581627,0.9042048654390316,0.9662295060079604,6.168911804368583,12.337823608737166,23.627716627395515,587.9763207091173,120.91911965107103,313.9719871394263,3.6469493925950323,2020-12-31
-91.04206014747538,34.086034535644565,1,19644,PurcellMG4,15-Apr,early_sowing,1/1/1980,350,750,3508.043053513856,8875.329008644123,122,7,65,39,1415.1887809998475,582.4299969673157,3887.9099957942963,33.26630435819211,21.346739126288373,27.306521742240243,35.56065575021212,0.8876318770472393,0.9063934591949966,6.168911804368583,12.337823608737166,23.627716627395515,619.5931545809178,152.66333300473886,197.56964584022612,3.6171875892040517,2015-12-31
-91.04206014747538,34.086034535644565,1,19644,PurcellMG4,15-Apr,early_sowing,1/1/1980,350,750,3489.2321508610157,8712.254537277851,121,6,65,38,1446.1280292162278,596.3599970340729,3725.4100017547607,32.83641296884288,21.88804348655369,27.362228227698285,36.01639338008693,0.8218531227878583,0.8938524621431944,6.168911804368583,12.337823608737166,23.627716627395515,579.8545628076712,143.47355691234284,129.31094732074607,4.092273373035831,2016-12-31
-91.04206014747538,34.086034535644565,1,19644,PurcellMG4,15-Apr,early_sowing,1/1/1980,350,750,3669.949189878243,9280.895693740684,116,5,65,38,1334.061411164705,658.6000003814697,3722.700005531311,31.6913044763648,20.694021686263707,26.192663081314254,33.76721325858695,0.8498294848770519,0.9733606588645057,6.168911804368583,12.337823608737166,23.627716627395515,537.2395994308187,99.38384034716213,167.70468741437207,4.562751277502676,2017-12-31
-91.04206014747538,34.086034535644565,1,19644,PurcellMG4,15-Apr,early_sowing,1/1/1980,350,750,3430.0466755744083,8480.87733972784,120,9,67,39,1488.3330392619077,380.96999645233154,3849.6399993896484,33.17826095871303,21.80706521674343,27.492663087728232,35.9639346951344,0.7046496170053197,0.9154098354402136,6.168911804368583,12.337823608737166,23.627716627395515,576.0229141120251,79.3422636851022,15.345415081411216,5.114048759619886,2018-12-31
-91.04206014747538,34.086034535644565,1,19644,PurcellMG4,15-Apr,early_sowing,1/1/1980,350,750,3707.5808706452754,9483.58882996423,115,7,63,37,1288.192379550319,766.8000028133392,3800.090009689331,32.859782592110015,21.66521748641263,27.26250003926132,33.19016397194784,0.9236239542935722,0.9834426254522607,6.168911804368583,12.337823608737166,23.627716627395515,565.4841712294804,124.5603063230207,249.7310124400664,3.9451772366127558,2019-12-31
-91.04206014747538,34.086034535644565,1,19644,PurcellMG4,15-Apr,early_sowing,1/1/1980,350,750,3730.345743424963,9481.696827371006,118,8,68,40,1334.2871957883158,946.6499993801117,3743.2299931049347,31.235326186470363,20.525543481111526,25.880434833790947,34.1459017581627,0.9042048654390316,0.9662295060079604,6.168911804368583,12.337823608737166,23.627716627395515,587.9763207091173,120.91911965107103,313.9719871394263,3.6469493925950323,2020-12-31
-90.25953385772954,35.05771131032115,1,11615,PurcellMG4,15-Apr,early_sowing,1/1/1980,350,750,3508.043053513856,8875.329008644123,122,7,65,39,1415.1887809998475,582.4299969673157,3887.9099957942963,33.26630435819211,21.346739126288373,27.306521742240243,35.56065575021212,0.8876318770472393,0.9063934591949966,6.168911804368583,12.337823608737166,23.627716627395515,619.5931545809178,152.66333300473886,197.56964584022612,3.6171875892040517,2015-12-31
-90.25953385772954,35.05771131032115,1,11615,PurcellMG4,15-Apr,early_sowing,1/1/1980,350,750,3489.2321508610157,8712.254537277851,121,6,65,38,1446.1280292162278,596.3599970340729,3725.4100017547607,32.83641296884288,21.88804348655369,27.362228227698285,36.01639338008693,0.8218531227878583,0.8938524621431944,6.168911804368583,12.337823608737166,23.627716627395515,579.8545628076712,143.47355691234284,129.31094732074607,4.092273373035831,2016-12-31
-90.25953385772954,35.05771131032115,1,11615,PurcellMG4,15-Apr,early_sowing,1/1/1980,350,750,3669.949189878243,9280.895693740684,116,5,65,38,1334.061411164705,658.6000003814697,3722.700005531311,31.6913044763648,20.694021686263707,26.192663081314254,33.76721325858695,0.8498294848770519,0.9733606588645057,6.168911804368583,12.337823608737166,23.627716627395515,537.2395994308187,99.38384034716213,167.70468741437207,4.562751277502676,2017-12-31
-90.25953385772954,35.05771131032115,1,11615,PurcellMG4,15-Apr,early_sowing,1/1/1980,350,750,3430.0466755744083,8480.87733972784,120,9,67,39,1488.3330392619077,380.96999645233154,3849.6399993896484,33.17826095871303,21.80706521674343,27.492663087728232,35.9639346951344,0.7046496170053197,0.9154098354402136,6.168911804368583,12.337823608737166,23.627716627395515,576.0229141120251,79.3422636851022,15.345415081411216,5.114048759619886,2018-12-31
-90.25953385772954,35.05771131032115,1,11615,PurcellMG4,15-Apr,early_sowing,1/1/1980,350,750,3707.5808706452754,9483.58882996423,115,7,63,37,1288.192379550319,766.8000028133392,3800.090009689331,32.859782592110015,21.66521748641263,27.26250003926132,33.19016397194784,0.9236239542935722,0.9834426254522607,6.168911804368583,12.337823608737166,23.627716627395515,565.4841712294804,124.5603063230207,249.7310124400664,3.9451772366127558,2019-12-31
-90.25953385772954,35.05771131032115,1,11615,PurcellMG4,15-Apr,early_sowing,1/1/1980,350,750,3730.345743424963,9481.696827371006,118,8,68,40,1334.2871957883158,946.6499993801117,3743.2299931049347,31.235326186470363,20.525543481111526,25.880434833790947,34.1459017581627,0.9042048654390316,0.9662295060079604,6.168911804368583,12.337823608737166,23.627716627395515,587.9763207091173,120.91911965107103,313.9719871394263,3.6469493925950323,2020-12-31
-91.27144920931379,35.7066116349121,1,6744,PurcellMG4,15-Apr,early_sowing,1/1/1980,350,750,3508.043053513856,8875.329008644123,122,7,65,39,1415.1887809998475,582.4299969673157,3887.9099957942963,33.26630435819211,21.346739126288373,27.306521742240243,35.56065575021212,0.8876318770472393,0.9063934591949966,6.168911804368583,12.337823608737166,23.627716627395515,619.5931545809178,152.66333300473886,197.56964584022612,3.6171875892040517,2015-12-31
-91.27144920931379,35.7066116349121,1,6744,PurcellMG4,15-Apr,early_sowing,1/1/1980,350,750,3489.2321508610157,8712.254537277851,121,6,65,38,1446.1280292162278,596.3599970340729,3725.4100017547607,32.83641296884288,21.88804348655369,27.362228227698285,36.01639338008693,0.8218531227878583,0.8938524621431944,6.168911804368583,12.337823608737166,23.627716627395515,579.8545628076712,143.47355691234284,129.31094732074607,4.092273373035831,2016-12-31
-91.27144920931379,35.7066116349121,1,6744,PurcellMG4,15-Apr,early_sowing,1/1/1980,350,750,3669.949189878243,9280.895693740684,116,5,65,38,1334.061411164705,658.6000003814697,3722.700005531311,31.6913044763648,20.694021686263707,26.192663081314254,33.76721325858695,0.8498294848770519,0.9733606588645057,6.168911804368583,12.337823608737166,23.627716627395515,537.2395994308187,99.38384034716213,167.70468741437207,4.562751277502676,2017-12-31
-91.27144920931379,35.7066116349121,1,6744,PurcellMG4,15-Apr,early_sowing,1/1/1980,350,750,3430.0466755744083,8480.87733972784,120,9,67,39,1488.3330392619077,380.96999645233154,3849.6399993896484,33.17826095871303,21.80706521674343,27.492663087728232,35.9639346951344,0.7046496170053197,0.9154098354402136,6.168911804368583,12.337823608737166,23.627716627395515,576.0229141120251,79.3422636851022,15.345415081411216,5.114048759619886,2018-12-31
-91.27144920931379,35.7066116349121,1,6744,PurcellMG4,15-Apr,early_sowing,1/1/1980,350,750,3707.5808706452754,9483.58882996423,115,7,63,37,1288.192379550319,766.8000028133392,3800.090009689331,32.859782592110015,21.66521748641263,27.26250003926132,33.19016397194784,0.9236239542935722,0.9834426254522607,6.168911804368583,12.337823608737166,23.627716627395515,565.4841712294804,124.5603063230207,249.7310124400664,3.9451772366127558,2019-12-31
-91.27144920931379,35.7066116349121,1,6744,PurcellMG4,15-Apr,early_sowing,1/1/1980,350,750,3730.345743424963,9481.696827371006,118,8,68,40,1334.2871957883158,946.6499993801117,3743.2299931049347,31.235326186470363,20.525543481111526,25.880434833790947,34.1459017581627,0.9042048654390316,0.9662295060079604,6.168911804368583,12.337823608737166,23.627716627395515,587.9763207091173,120.91911965107103,313.9719871394263,3.6469493925950323,2020-12-31
-91.19215908461389,35.636344474262884,1,7284,PurcellMG4,15-Apr,early_sowing,1/1/1980,350,750,3508.043053513856,8875.329008644123,122,7,65,39,1415.1887809998475,582.4299969673157,3887.9099957942963,33.26630435819211,21.346739126288373,27.306521742240243,35.56065575021212,0.8876318770472393,0.9063934591949966,6.168911804368583,12.337823608737166,23.627716627395515,619.5931545809178,152.66333300473886,197.56964584022612,3.6171875892040517,2015-12-31
-91.19215908461389,35.636344474262884,1,7284,PurcellMG4,15-Apr,early_sowing,1/1/1980,350,750,3489.2321508610157,8712.254537277851,121,6,65,38,1446.1280292162278,596.3599970340729,3725.4100017547607,32.83641296884288,21.88804348655369,27.362228227698285,36.01639338008693,0.8218531227878583,0.8938524621431944,6.168911804368583,12.337823608737166,23.627716627395515,579.8545628076712,143.47355691234284,129.31094732074607,4.092273373035831,2016-12-31
-91.19215908461389,35.636344474262884,1,7284,PurcellMG4,15-Apr,early_sowing,1/1/1980,350,750,3669.949189878243,9280.895693740684,116,5,65,38,1334.061411164705,658.6000003814697,3722.700005531311,31.6913044763648,20.694021686263707,26.192663081314254,33.76721325858695,0.8498294848770519,0.9733606588645057,6.168911804368583,12.337823608737166,23.627716627395515,537.2395994308187,99.38384034716213,167.70468741437207,4.562751277502676,2017-12-31
-91.19215908461389,35.636344474262884,1,7284,PurcellMG4,15-Apr,early_sowing,1/1/1980,350,750,3430.0466755744083,8480.87733972784,120,9,67,39,1488.3330392619077,380.96999645233154,3849.6399993896484,33.17826095871303,21.80706521674343,27.492663087728232,35.9639346951344,0.7046496170053197,0.9154098354402136,6.168911804368583,12.337823608737166,23.627716627395515,576.0229141120251,79.3422636851022,15.345415081411216,5.114048759619886,2018-12-31
-91.19215908461389,35.636344474262884,1,7284,PurcellMG4,15-Apr,early_sowing,1/1/1980,350,750,3707.5808706452754,9483.58882996423,115,7,63,37,1288.192379550319,766.8000028133392,3800.090009689331,32.859782592110015,21.66521748641263,27.26250003926132,33.19016397194784,0.9236239542935722,0.9834426254522607,6.168911804368583,12.337823608737166,23.627716627395515,565.4841712294804,124.5603063230207,249.7310124400664,3.9451772366127558,2019-12-31
-91.19215908461389,35.636344474262884,1,7284,PurcellMG4,15-Apr,early_sowing,1/1/1980,350,750,3730.345743424963,9481.696827371006,118,8,68,40,1334.2871957883158,946.6499993801117,3743.2299931049347,31.235326186470363,20.525543481111526,25.880434833790947,34.1459017581627,0.9042048654390316,0.9662295060079604,6.168911804368583,12.337823608737166,23.627716627395515,587.9763207091173,120.91911965107103,313.9719871394263,3.6469493925950323,2020-12-31
-89.91651186466785,35.89089528883186,1,4823,PurcellMG4,15-Apr,early_sowing,1/1/1980,350,750,3508.043053513856,8875.329008644123,122,7,65,39,1415.1887809998475,582.4299969673157,3887.9099957942963,33.26630435819211,21.346739126288373,27.306521742240243,35.56065575021212,0.8876318770472393,0.9063934591949966,6.168911804368583,12.337823608737166,23.627716627395515,619.5931545809178,152.66333300473886,197.56964584022612,3.6171875892040517,2015-12-31
-89.91651186466785,35.89089528883186,1,4823,PurcellMG4,15-Apr,early_sowing,1/1/1980,350,750,3489.2321508610157,8712.254537277851,121,6,65,38,1446.1280292162278,596.3599970340729,3725.4100017547607,32.83641296884288,21.88804348655369,27.362228227698285,36.01639338008693,0.8218531227878583,0.8938524621431944,6.168911804368583,12.337823608737166,23.627716627395515,579.8545628076712,143.47355691234284,129.31094732074607,4.092273373035831,2016-12-31
-89.91651186466785,35.89089528883186,1,4823,PurcellMG4,15-Apr,early_sowing,1/1/1980,350,750,3669.949189878243,9280.895693740684,116,5,65,38,1334.061411164705,658.6000003814697,3722.700005531311,31.6913044763648,20.694021686263707,26.192663081314254,33.76721325858695,0.8498294848770519,0.9733606588645057,6.168911804368583,12.337823608737166,23.627716627395515,537.2395994308187,99.38384034716213,167.70468741437207,4.562751277502676,2017-12-31
-89.91651186466785,35.89089528883186,1,4823,PurcellMG4,15-Apr,early_sowing,1/1/1980,350,750,3430.0466755744083,8480.87733972784,120,9,67,39,1488.3330392619077,380.96999645233154,3849.6399993896484,33.17826095871303,21.80706521674343,27.492663087728232,35.9639346951344,0.7046496170053197,0.9154098354402136,6.168911804368583,12.337823608737166,23.627716627395515,576.0229141120251,79.3422636851022,15.345415081411216,5.114048759619886,2018-12-31
-89.91651186466785,35.89089528883186,1,4823,PurcellMG4,15-Apr,early_sowing,1/1/1980,350,750,3707.5808706452754,9483.58882996423,115,7,63,37,1288.192379550319,766.8000028133392,3800.090009689331,32.859782592110015,21.66521748641263,27.26250003926132,33.19016397194784,0.9236239542935722,0.9834426254522607,6.168911804368583,12.337823608737166,23.627716627395515,565.4841712294804,124.5603063230207,249.7310124400664,3.9451772366127558,2019-12-31
-89.91651186466785,35.89089528883186,1,4823,PurcellMG4,15-Apr,early_sowing,1/1/1980,350,750,3730.345743424963,9481.696827371006,118,8,68,40,1334.2871957883158,946.6499993801117,3743.2299931049347,31.235326186470363,20.525543481111526,25.880434833790947,34.1459017581627,0.9042048654390316,0.9662295060079604,6.168911804368583,12.337823608737166,23.627716627395515,587.9763207091173,120.91911965107103,313.9719871394263,3.6469493925950323,2020-12-31
-90.66417255077471,35.21105027824701,1,10526,PurcellMG4,15-Apr,early_sowing,1/1/1980,350,750,3508.043053513856,8875.329008644123,122,7,65,39,1415.1887809998475,582.4299969673157,3887.9099957942963,33.26630435819211,21.346739126288373,27.306521742240243,35.56065575021212,0.8876318770472393,0.9063934591949966,6.168911804368583,12.337823608737166,23.627716627395515,619.5931545809178,152.66333300473886,197.56964584022612,3.6171875892040517,2015-12-31
-90.66417255077471,35.21105027824701,1,10526,PurcellMG4,15-Apr,early_sowing,1/1/1980,350,750,3489.2321508610157,8712.254537277851,121,6,65,38,1446.1280292162278,596.3599970340729,3725.4100017547607,32.83641296884288,21.88804348655369,27.362228227698285,36.01639338008693,0.8218531227878583,0.8938524621431944,6.168911804368583,12.337823608737166,23.627716627395515,579.8545628076712,143.47355691234284,129.31094732074607,4.092273373035831,2016-12-31
-90.66417255077471,35.21105027824701,1,10526,PurcellMG4,15-Apr,early_sowing,1/1/1980,350,750,3669.949189878243,9280.895693740684,116,5,65,38,1334.061411164705,658.6000003814697,3722.700005531311,31.6913044763648,20.694021686263707,26.192663081314254,33.76721325858695,0.8498294848770519,0.9733606588645057,6.168911804368583,12.337823608737166,23.627716627395515,537.2395994308187,99.38384034716213,167.70468741437207,4.562751277502676,2017-12-31
-90.66417255077471,35.21105027824701,1,10526,PurcellMG4,15-Apr,early_sowing,1/1/1980,350,750,3430.0466755744083,8480.87733972784,120,9,67,39,1488.3330392619077,380.96999645233154,3849.6399993896484,33.17826095871303,21.80706521674343,27.492663087728232,35.9639346951344,0.7046496170053197,0.9154098354402136,6.168911804368583,12.337823608737166,23.627716627395515,576.0229141120251,79.3422636851022,15.345415081411216,5.114048759619886,2018-12-31
-90.66417255077471,35.21105027824701,1,10526,PurcellMG4,15-Apr,early_sowing,1/1/1980,350,750,3707.5808706452754,9483.58882996423,115,7,63,37,1288.192379550319,766.8000028133392,3800.090009689331,32.859782592110015,21.66521748641263,27.26250003926132,33.19016397194784,0.9236239542935722,0.9834426254522607,6.168911804368583,12.337823608737166,23.627716627395515,565.4841712294804,124.5603063230207,249.7310124400664,3.9451772366127558,2019-12-31
-90.66417255077471,35.21105027824701,1,10526,PurcellMG4,15-Apr,early_sowing,1/1/1980,350,750,3730.345743424963,9481.696827371006,118,8,68,40,1334.2871957883158,946.6499993801117,3743.2299931049347,31.235326186470363,20.525543481111526,25.880434833790947,34.1459017581627,0.9042048654390316,0.9662295060079604,6.168911804368583,12.337823608737166,23.627716627395515,587.9763207091173,120.91911965107103,313.9719871394263,3.6469493925950323,2020-12-31
-91.5524336062921,34.24108141634972,1,18551,PurcellMG4,15-Apr,early_sowing,1/1/1980,350,750,3508.043053513856,8875.329008644123,122,7,65,39,1415.1887809998475,582.4299969673157,3887.9099957942963,33.26630435819211,21.346739126288373,27.306521742240243,35.56065575021212,0.8876318770472393,0.9063934591949966,6.168911804368583,12.337823608737166,23.627716627395515,619.5931545809178,152.66333300473886,197.56964584022612,3.6171875892040517,2015-12-31
-91.5524336062921,34.24108141634972,1,18551,PurcellMG4,15-Apr,early_sowing,1/1/1980,350,750,3489.2321508610157,8712.254537277851,121,6,65,38,1446.1280292162278,596.3599970340729,3725.4100017547607,32.83641296884288,21.88804348655369,27.362228227698285,36.01639338008693,0.8218531227878583,0.8938524621431944,6.168911804368583,12.337823608737166,23.627716627395515,579.8545628076712,143.47355691234284,129.31094732074607,4.092273373035831,2016-12-31
-91.5524336062921,34.24108141634972,1,18551,PurcellMG4,15-Apr,early_sowing,1/1/1980,350,750,3669.949189878243,9280.895693740684,116,5,65,38,1334.061411164705,658.6000003814697,3722.700005531311,31.6913044763648,20.694021686263707,26.192663081314254,33.76721325858695,0.8498294848770519,0.9733606588645057,6.168911804368583,12.337823608737166,23.627716627395515,537.2395994308187,99.38384034716213,167.70468741437207,4.562751277502676,2017-12-31
-91.5524336062921,34.24108141634972,1,18551,PurcellMG4,15-Apr,early_sowing,1/1/1980,350,750,3430.0466755744083,8480.87733972784,120,9,67,39,1488.3330392619077,380.96999645233154,3849.6399993896484,33.17826095871303,21.80706521674343,27.492663087728232,35.9639346951344,0.7046496170053197,0.9154098354402136,6.168911804368583,12.337823608737166,23.627716627395515,576.0229141120251,79.3422636851022,15.345415081411216,5.114048759619886,2018-12-31
-91.5524336062921,34.24108141634972,1,18551,PurcellMG4,15-Apr,early_sowing,1/1/1980,350,750,3707.5808706452754,9483.58882996423,115,7,63,37,1288.192379550319,766.8000028133392,3800.090009689331,32.859782592110015,21.66521748641263,27.26250003926132,33.19016397194784,0.9236239542935722,0.9834426254522607,6.168911804368583,12.337823608737166,23.627716627395515,565.4841712294804,124.5603063230207,249.7310124400664,3.9451772366127558,2019-12-31
-91.5524336062921,34.24108141634972,1,18551,PurcellMG4,15-Apr,early_sowing,1/1/1980,350,750,3730.345743424963,9481.696827371006,118,8,68,40,1334.2871957883158,946.6499993801117,3743.2299931049347,31.235326186470363,20.525543481111526,25.880434833790947,34.1459017581627,0.9042048654390316,0.9662295060079604,6.168911804368583,12.337823608737166,23.627716627395515,587.9763207091173,120.91911965107103,313.9719871394263,3.6469493925950323,2020-12-31
-90.93705164442795,36.117603762561586,1,3354,PurcellMG4,15-Apr,early_sowing,1/1/1980,350,750,3508.043053513856,8875.329008644123,122,7,65,39,1415.1887809998475,582.4299969673157,3887.9099957942963,33.26630435819211,21.346739126288373,27.306521742240243,35.56065575021212,0.8876318770472393,0.9063934591949966,6.168911804368583,12.337823608737166,23.627716627395515,619.5931545809178,152.66333300473886,197.56964584022612,3.6171875892040517,2015-12-31
-90.93705164442795,36.117603762561586,1,3354,PurcellMG4,15-Apr,early_sowing,1/1/1980,350,750,3489.2321508610157,8712.254537277851,121,6,65,38,1446.1280292162278,596.3599970340729,3725.4100017547607,32.83641296884288,21.88804348655369,27.362228227698285,36.01639338008693,0.8218531227878583,0.8938524621431944,6.168911804368583,12.337823608737166,23.627716627395515,579.8545628076712,143.47355691234284,129.31094732074607,4.092273373035831,2016-12-31
-90.93705164442795,36.117603762561586,1,3354,PurcellMG4,15-Apr,early_sowing,1/1/1980,350,750,3669.949189878243,9280.895693740684,116,5,65,38,1334.061411164705,658.6000003814697,3722.700005531311,31.6913044763648,20.694021686263707,26.192663081314254,33.76721325858695,0.8498294848770519,0.9733606588645057,6.168911804368583,12.337823608737166,23.627716627395515,537.2395994308187,99.38384034716213,167.70468741437207,4.562751277502676,2017-12-31
-90.93705164442795,36.117603762561586,1,3354,PurcellMG4,15-Apr,early_sowing,1/1/1980,350,750,3430.0466755744083,8480.87733972784,120,9,67,39,1488.3330392619077,380.96999645233154,3849.6399993896484,33.17826095871303,21.80706521674343,27.492663087728232,35.9639346951344,0.7046496170053197,0.9154098354402136,6.168911804368583,12.337823608737166,23.627716627395515,576.0229141120251,79.3422636851022,15.345415081411216,5.114048759619886,2018-12-31
-90.93705164442795,36.117603762561586,1,3354,PurcellMG4,15-Apr,early_sowing,1/1/1980,350,750,3707.5808706452754,9483.58882996423,115,7,63,37,1288.192379550319,766.8000028133392,3800.090009689331,32.859782592110015,21.66521748641263,27.26250003926132,33.19016397194784,0.9236239542935722,0.9834426254522607,6.168911804368583,12.337823608737166,23.627716627395515,565.4841712294804,124.5603063230207,249.7310124400664,3.9451772366127558,2019-12-31
-90.93705164442795,36.117603762561586,1,3354,PurcellMG4,15-Apr,early_sowing,1/1/1980,350,750,3730.345743424963,9481.696827371006,118,8,68,40,1334.2871957883158,946.6499993801117,3743.2299931049347,31.235326186470363,20.525543481111526,25.880434833790947,34.1459017581627,0.9042048654390316,0.9662295060079604,6.168911804368583,12.337823608737166,23.627716627395515,587.9763207091173,120.91911965107103,313.9719871394263,3.6469493925950323,2020-12-31
-91.54689264517046,33.860189645683576,1,21595,PurcellMG4,15-Apr,early_sowing,1/1/1980,350,750,3508.043053513856,8875.329008644123,122,7,65,39,1415.1887809998475,582.4299969673157,3887.9099957942963,33.26630435819211,21.346739126288373,27.306521742240243,35.56065575021212,0.8876318770472393,0.9063934591949966,6.168911804368583,12.337823608737166,23.627716627395515,619.5931545809178,152.66333300473886,197.56964584022612,3.6171875892040517,2015-12-31
-91.54689264517046,33.860189645683576,1,21595,PurcellMG4,15-Apr,early_sowing,1/1/1980,350,750,3489.2321508610157,8712.254537277851,121,6,65,38,1446.1280292162278,596.3599970340729,3725.4100017547607,32.83641296884288,21.88804348655369,27.362228227698285,36.01639338008693,0.8218531227878583,0.8938524621431944,6.168911804368583,12.337823608737166,23.627716627395515,579.8545628076712,143.47355691234284,129.31094732074607,4.092273373035831,2016-12-31
-91.54689264517046,33.860189645683576,1,21595,PurcellMG4,15-Apr,early_sowing,1/1/1980,350,750,3669.949189878243,9280.895693740684,116,5,65,38,1334.061411164705,658.6000003814697,3722.700005531311,31.6913044763648,20.694021686263707,26.192663081314254,33.76721325858695,0.8498294848770519,0.9733606588645057,6.168911804368583,12.337823608737166,23.627716627395515,537.2395994308187,99.38384034716213,167.70468741437207,4.562751277502676,2017-12-31
-91.54689264517046,33.860189645683576,1,21595,PurcellMG4,15-Apr,early_sowing,1/1/1980,350,750,3430.0466755744083,8480.87733972784,120,9,67,39,1488.3330392619077,380.96999645233154,3849.6399993896484,33.17826095871303,21.80706521674343,27.492663087728232,35.9639346951344,0.7046496170053197,0.9154098354402136,6.168911804368583,12.337823608737166,23.627716627395515,576.0229141120251,79.3422636851022,15.345415081411216,5.114048759619886,2018-12-31
-91.54689264517046,33.860189645683576,1,21595,PurcellMG4,15-Apr,early_sowing,1/1/1980,350,750,3707.5808706452754,9483.58882996423,115,7,63,37,1288.192379550319,766.8000028133392,3800.090009689331,32.859782592110015,21.66521748641263,27.26250003926132,33.19016397194784,0.9236239542935722,0.9834426254522607,6.168911804368583,12.337823608737166,23.627716627395515,565.4841712294804,124.5603063230207,249.7310124400664,3.9451772366127558,2019-12-31
-91.54689264517046,33.860189645683576,1,21595,PurcellMG4,15-Apr,early_sowing,1/1/1980,350,750,3730.345743424963,9481.696827371006,118,8,68,40,1334.2871957883158,946.6499993801117,3743.2299931049347,31.235326186470363,20.525543481111526,25.880434833790947,34.1459017581627,0.9042048654390316,0.9662295060079604,6.168911804368583,12.337823608737166,23.627716627395515,587.9763207091173,120.91911965107103,313.9719871394263,3.6469493925950323,2020-12-31
-91.0134875334247,34.95788990364149,1,12662,PurcellMG5,15-May,longer_mat,1/1/1980,350,750,3410.1054096621074,8106.894034851632,124,4,72,46,1634.7809286654833,582.4299969673157,3887.9099957942963,33.26630435819211,21.346739126288373,27.306521742240243,35.56065575021212,0.9658560602980617,0.9063934591949966,6.168911804368583,12.337823608737166,23.627716627395515,612.8165477690669,130.15840031483611,70.49981584823433,4.192023601541731,2015-12-31
-91.0134875334247,34.95788990364149,1,12662,PurcellMG5,15-May,longer_mat,1/1/1980,350,750,3379.1323044565697,8080.683664527879,120,6,75,48,1420.3033863572775,596.3599970340729,3725.4100017547607,32.83641296884288,21.88804348655369,27.362228227698285,36.01639338008693,0.9541383685959919,0.8938524621431944,6.168911804368583,12.337823608737166,23.627716627395515,599.3425961514871,137.71033621960845,68.90603580365571,4.192685282861563,2016-12-31
-91.0134875334247,34.95788990364149,1,12662,PurcellMG5,15-May,longer_mat,1/1/1980,350,750,3707.565344435216,8847.939607141278,117,4,71,46,1336.8936981648317,658.6000003814697,3722.700005531311,31.6913044763648,20.694021686263707,26.192663081314254,33.76721325858695,0.9753850157116735,0.9733606588645057,6.168911804368583,12.337823608737166,23.627716627395515,568.5377062501866,87.29677719745561,186.64623048729518,4.400771772113874,2017-12-31
-91.0134875334247,34.95788990364149,1,12662,PurcellMG5,15-May,longer_mat,1/1/1980,350,750,3402.0509462055034,8257.721204348465,121,5,74,47,1492.2996927741237,380.96999645233154,3849.6399993896484,33.17826095871303,21.80706521674343,27.492663087728232,35.9639346951344,0.9656666512759396,0.9154098354402136,6.168911804368583,12.337823608737166,23.627716627395515,608.6384589998526,43.046481460445534,13.905208090266918,5.111330078448493,2018-12-31
-91.0134875334247,34.95788990364149,1,12662,PurcellMG5,15-May,longer_mat,1/1/1980,350,750,3865.7178340462187,8979.102743505247,119,5,69,45,1431.9616423010732,766.8000028133392,3800.090009689331,32.859782592110015,21.66521748641263,27.26250003926132,33.19016397194784,1,0.9834426254522607,6.168911804368583,12.337823608737166,23.627716627395515,618.5897108597991,131.8040525324163,107.11948752070423,4.508056091180779,2019-12-31
-91.0134875334247,34.95788990364149,1,12662,PurcellMG5,15-May,longer_mat,1/1/1980,350,750,3744.7666159465894,9065.896524673759,116,5,70,46,1356.7686911694686,946.6499993801117,3743.2299931049347,31.235326186470363,20.525543481111526,25.880434833790947,34.1459017581627,0.9841180297679666,0.9662295060079604,6.168911804368583,12.337823608737166,23.627716627395515,564.1822777765402,98.17022250184414,355.96785250771495,3.67739543425701,2020-12-31
-91.04206014747538,34.086034535644565,1,19644,PurcellMG5,15-May,longer_mat,1/1/1980,350,750,3410.1054096621074,8106.894034851632,124,4,72,46,1634.7809286654833,582.4299969673157,3887.9099957942963,33.26630435819211,21.346739126288373,27.306521742240243,35.56065575021212,0.9658560602980617,0.9063934591949966,6.168911804368583,12.337823608737166,23.627716627395515,612.8165477690669,130.15840031483611,70.49981584823433,4.192023601541731,2015-12-31
-91.04206014747538,34.086034535644565,1,19644,PurcellMG5,15-May,longer_mat,1/1/1980,350,750,3379.1323044565697,8080.683664527879,120,6,75,48,1420.3033863572775,596.3599970340729,3725.4100017547607,32.83641296884288,21.88804348655369,27.362228227698285,36.01639338008693,0.9541383685959919,0.8938524621431944,6.168911804368583,12.337823608737166,23.627716627395515,599.3425961514871,137.71033621960845,68.90603580365571,4.192685282861563,2016-12-31
-91.04206014747538,34.086034535644565,1,19644,PurcellMG5,15-May,longer_mat,1/1/1980,350,750,3707.565344435216,8847.939607141278,117,4,71,46,1336.8936981648317,658.6000003814697,3722.700005531311,31.6913044763648,20.694021686263707,26.192663081314254,33.76721325858695,0.9753850157116735,0.9733606588645057,6.168911804368583,12.337823608737166,23.627716627395515,568.5377062501866,87.29677719745561,186.64623048729518,4.400771772113874,2017-12-31
-91.04206014747538,34.086034535644565,1,19644,PurcellMG5,15-May,longer_mat,1/1/1980,350,750,3402.0509462055034,8257.721204348465,121,5,74,47,1492.2996927741237,380.96999645233154,3849.6399993896484,33.17826095871303,21.80706521674343,27.492663087728232,35.9639346951344,0.9656666512759396,0.9154098354402136,6.168911804368583,12.337823608737166,23.627716627395515,608.6384589998526,43.046481460445534,13.905208090266918,5.111330078448493,2018-12-31
-91.04206014747538,34.086034535644565,1,19644,PurcellMG5,15-May,longer_mat,1/1/1980,350,750,3865.7178340462187,8979.102743505247,119,5,69,45,1431.9616423010732,766.8000028133392,3800.090009689331,32.859782592110015,21.66521748641263,27.26250003926132,33.19016397194784,1,0.9834426254522607,6.168911804368583,12.337823608737166,23.627716627395515,618.5897108597991,131.8040525324163,107.11948752070423,4.508056091180779,2019-12-31
-91.04206014747538,34.086034535644565,1,19644,PurcellMG5,15-May,longer_mat,1/1/1980,350,750,3744.7666159465894,9065.896524673759,116,5,70,46,1356.7686911694686,946.6499993801117,3743.2299931049347,31.235326186470363,20.525543481111526,25.880434833790947,34.1459017581627,0.9841180297679666,0.9662295060079604,6.168911804368583,12.337823608737166,23.627716627395515,564.1822777765402,98.17022250184414,355.96785250771495,3.67739543425701,2020-12-31
-90.25953385772954,35.05771131032115,1,11615,PurcellMG5,15-May,longer_mat,1/1/1980,350,750,3410.1054096621074,8106.894034851632,124,4,72,46,1634.7809286654833,582.4299969673157,3887.9099957942963,33.26630435819211,21.346739126288373,27.306521742240243,35.56065575021212,0.9658560602980617,0.9063934591949966,6.168911804368583,12.337823608737166,23.627716627395515,612.8165477690669,130.15840031483611,70.49981584823433,4.192023601541731,2015-12-31
-90.25953385772954,35.05771131032115,1,11615,PurcellMG5,15-May,longer_mat,1/1/1980,350,750,3379.1323044565697,8080.683664527879,120,6,75,48,1420.3033863572775,596.3599970340729,3725.4100017547607,32.83641296884288,21.88804348655369,27.362228227698285,36.01639338008693,0.9541383685959919,0.8938524621431944,6.168911804368583,12.337823608737166,23.627716627395515,599.3425961514871,137.71033621960845,68.90603580365571,4.192685282861563,2016-12-31
-90.25953385772954,35.05771131032115,1,11615,PurcellMG5,15-May,longer_mat,1/1/1980,350,750,3707.565344435216,8847.939607141278,117,4,71,46,1336.8936981648317,658.6000003814697,3722.700005531311,31.6913044763648,20.694021686263707,26.192663081314254,33.76721325858695,0.9753850157116735,0.9733606588645057,6.168911804368583,12.337823608737166,23.627716627395515,568.5377062501866,87.29677719745561,186.64623048729518,4.400771772113874,2017-12-31
-90.25953385772954,35.05771131032115,1,11615,PurcellMG5,15-May,longer_mat,1/1/1980,350,750,3402.0509462055034,8257.721204348465,121,5,74,47,1492.2996927741237,380.96999645233154,3849.6399993896484,33.17826095871303,21.80706521674343,27.492663087728232,35.9639346951344,0.9656666512759396,0.9154098354402136,6.168911804368583,12.337823608737166,23.627716627395515,608.6384589998526,43.046481460445534,13.905208090266918,5.111330078448493,2018-12-31
-90.25953385772954,35.05771131032115,1,11615,PurcellMG5,15-May,longer_mat,1/1/1980,350,750,3865.7178340462187,8979.102743505247,119,5,69,45,1431.9616423010732,766.8000028133392,3800.090009689331,32.859782592110015,21.66521748641263,27.26250003926132,33.19016397194784,1,0.9834426254522607,6.168911804368583,12.337823608737166,23.627716627395515,618.5897108597991,131.8040525324163,107.11948752070423,4.508056091180779,2019-12-31
-90.25953385772954,35.05771131032115,1,11615,PurcellMG5,15-May,longer_mat,1/1/1980,350,750,3744.7666159465894,9065.896524673759,116,5,70,46,1356.7686911694686,946.6499993801117,3743.2299931049347,31.235326186470363,20.525543481111526,25.880434833790947,34.1459017581627,0.9841180297679666,0.9662295060079604,6.168911804368583,12.337823608737166,23.627716627395515,564.1822777765402,98.17022250184414,355.96785250771495,3.67739543425701,2020-12-31
-91.27144920931379,35.7066116349121,1,6744,PurcellMG5,15-May,longer_mat,1/1/1980,350,750,3410.1054096621074,8106.894034851632,124,4,72,46,1634.7809286654833,582.4299969673157,3887.9099957942963,33.26630435819211,21.346739126288373,27.306521742240243,35.56065575021212,0.9658560602980617,0.9063934591949966,6.168911804368583,12.337823608737166,23.627716627395515,612.8165477690669,130.15840031483611,70.49981584823433,4.192023601541731,2015-12-31
-91.27144920931379,35.7066116349121,1,6744,PurcellMG5,15-May,longer_mat,1/1/1980,350,750,3379.1323044565697,8080.683664527879,120,6,75,48,1420.3033863572775,596.3599970340729,3725.4100017547607,32.83641296884288,21.88804348655369,27.362228227698285,36.01639338008693,0.9541383685959919,0.8938524621431944,6.168911804368583,12.337823608737166,23.627716627395515,599.3425961514871,137.71033621960845,68.90603580365571,4.192685282861563,2016-12-31
-91.27144920931379,35.7066116349121,1,6744,PurcellMG5,15-May,longer_mat,1/1/1980,350,750,3707.565344435216,8847.939607141278,117,4,71,46,1336.8936981648317,658.6000003814697,3722.700005531311,31.6913044763648,20.694021686263707,26.192663081314254,33.76721325858695,0.9753850157116735,0.9733606588645057,6.168911804368583,12.337823608737166,23.627716627395515,568.5377062501866,87.29677719745561,186.64623048729518,4.400771772113874,2017-12-31
-91.27144920931379,35.7066116349121,1,6744,PurcellMG5,15-May,longer_mat,1/1/1980,350,750,3402.0509462055034,8257.721204348465,121,5,74,47,1492.2996927741237,380.96999645233154,3849.6399993896484,33.17826095871303,21.80706521674343,27.492663087728232,35.9639346951344,0.9656666512759396,0.9154098354402136,6.168911804368583,12.337823608737166,23.627716627395515,608.6384589998526,43.046481460445534,13.905208090266918,5.111330078448493,2018-12-31
-91.27144920931379,35.7066116349121,1,6744,PurcellMG5,15-May,longer_mat,1/1/1980,350,750,3865.7178340462187,8979.102743505247,119,5,69,45,1431.9616423010732,766.8000028133392,3800.090009689331,32.859782592110015,21.66521748641263,27.26250003926132,33.19016397194784,1,0.9834426254522607,6.168911804368583,12.337823608737166,23.627716627395515,618.5897108597991,131.8040525324163,107.11948752070423,4.508056091180779,2019-12-31
-91.27144920931379,35.7066116349121,1,6744,PurcellMG5,15-May,longer_mat,1/1/1980,350,750,3744.7666159465894,9065.896524673759,116,5,70,46,1356.7686911694686,946.6499993801117,3743.2299931049347,31.235326186470363,20.525543481111526,25.880434833790947,34.1459017581627,0.9841180297679666,0.9662295060079604,6.168911804368583,12.337823608737166,23.627716627395515,564.1822777765402,98.17022250184414,355.96785250771495,3.67739543425701,2020-12-31
-91.19215908461389,35.636344474262884,1,7284,PurcellMG5,15-May,longer_mat,1/1/1980,350,750,3410.1054096621074,8106.894034851632,124,4,72,46,1634.7809286654833,582.4299969673157,3887.9099957942963,33.26630435819211,21.346739126288373,27.306521742240243,35.56065575021212,0.9658560602980617,0.9063934591949966,6.168911804368583,12.337823608737166,23.627716627395515,612.8165477690669,130.15840031483611,70.49981584823433,4.192023601541731,2015-12-31
-91.19215908461389,35.636344474262884,1,7284,PurcellMG5,15-May,longer_mat,1/1/1980,350,750,3379.1323044565697,8080.683664527879,120,6,75,48,1420.3033863572775,596.3599970340729,3725.4100017547607,32.83641296884288,21.88804348655369,27.362228227698285,36.01639338008693,0.9541383685959919,0.8938524621431944,6.168911804368583,12.337823608737166,23.627716627395515,599.3425961514871,137.71033621960845,68.90603580365571,4.192685282861563,2016-12-31
-91.19215908461389,35.636344474262884,1,7284,PurcellMG5,15-May,longer_mat,1/1/1980,350,750,3707.565344435216,8847.939607141278,117,4,71,46,1336.8936981648317,658.6000003814697,3722.700005531311,31.6913044763648,20.694021686263707,26.192663081314254,33.76721325858695,0.9753850157116735,0.9733606588645057,6.168911804368583,12.337823608737166,23.627716627395515,568.5377062501866,87.29677719745561,186.64623048729518,4.400771772113874,2017-12-31
-91.19215908461389,35.636344474262884,1,7284,PurcellMG5,15-May,longer_mat,1/1/1980,350,750,3402.0509462055034,8257.721204348465,121,5,74,47,1492.2996927741237,380.96999645233154,3849.6399993896484,33.17826095871303,21.80706521674343,27.492663087728232,35.9639346951344,0.9656666512759396,0.9154098354402136,6.168911804368583,12.337823608737166,23.627716627395515,608.6384589998526,43.046481460445534,13.905208090266918,5.111330078448493,2018-12-31
-91.19215908461389,35.636344474262884,1,7284,PurcellMG5,15-May,longer_mat,1/1/1980,350,750,3865.7178340462187,8979.102743505247,119,5,69,45,1431.9616423010732,766.8000028133392,3800.090009689331,32.859782592110015,21.66521748641263,27.26250003926132,33.19016397194784,1,0.9834426254522607,6.168911804368583,12.337823608737166,23.627716627395515,618.5897108597991,131.8040525324163,107.11948752070423,4.508056091180779,2019-12-31
-91.19215908461389,35.636344474262884,1,7284,PurcellMG5,15-May,longer_mat,1/1/1980,350,750,3744.7666159465894,9065.896524673759,116,5,70,46,1356.7686911694686,946.6499993801117,3743.2299931049347,31.235326186470363,20.525543481111526,25.880434833790947,34.1459017581627,0.9841180297679666,0.9662295060079604,6.168911804368583,12.337823608737166,23.627716627395515,564.1822777765402,98.17022250184414,355.96785250771495,3.67739543425701,2020-12-31
-89.91651186466785,35.89089528883186,1,4823,PurcellMG5,15-May,longer_mat,1/1/1980,350,750,3410.1054096621074,8106.894034851632,124,4,72,46,1634.7809286654833,582.4299969673157,3887.9099957942963,33.26630435819211,21.346739126288373,27.306521742240243,35.56065575021212,0.9658560602980617,0.9063934591949966,6.168911804368583,12.337823608737166,23.627716627395515,612.8165477690669,130.15840031483611,70.49981584823433,4.192023601541731,2015-12-31
-89.91651186466785,35.89089528883186,1,4823,PurcellMG5,15-May,longer_mat,1/1/1980,350,750,3379.1323044565697,8080.683664527879,120,6,75,48,1420.3033863572775,596.3599970340729,3725.4100017547607,32.83641296884288,21.88804348655369,27.362228227698285,36.01639338008693,0.9541383685959919,0.8938524621431944,6.168911804368583,12.337823608737166,23.627716627395515,599.3425961514871,137.71033621960845,68.90603580365571,4.192685282861563,2016-12-31
-89.91651186466785,35.89089528883186,1,4823,PurcellMG5,15-May,longer_mat,1/1/1980,350,750,3707.565344435216,8847.939607141278,117,4,71,46,1336.8936981648317,658.6000003814697,3722.700005531311,31.6913044763648,20.694021686263707,26.192663081314254,33.76721325858695,0.9753850157116735,0.9733606588645057,6.168911804368583,12.337823608737166,23.627716627395515,568.5377062501866,87.29677719745561,186.64623048729518,4.400771772113874,2017-12-31
-89.91651186466785,35.89089528883186,1,4823,PurcellMG5,15-May,longer_mat,1/1/1980,350,750,3402.0509462055034,8257.721204348465,121,5,74,47,1492.2996927741237,380.96999645233154,3849.6399993896484,33.17826095871303,21.80706521674343,27.492663087728232,35.9639346951344,0.9656666512759396,0.9154098354402136,6.168911804368583,12.337823608737166,23.627716627395515,608.6384589998526,43.046481460445534,13.905208090266918,5.111330078448493,2018-12-31
-89.91651186466785,35.89089528883186,1,4823,PurcellMG5,15-May,longer_mat,1/1/1980,350,750,3865.7178340462187,8979.102743505247,119,5,69,45,1431.9616423010732,766.8000028133392,3800.090009689331,32.859782592110015,21.66521748641263,27.26250003926132,33.19016397194784,1,0.9834426254522607,6.168911804368583,12.337823608737166,23.627716627395515,618.5897108597991,131.8040525324163,107.11948752070423,4.508056091180779,2019-12-31
-89.91651186466785,35.89089528883186,1,4823,PurcellMG5,15-May,longer_mat,1/1/1980,350,750,3744.7666159465894,9065.896524673759,116,5,70,46,1356.7686911694686,946.6499993801117,3743.2299931049347,31.235326186470363,20.525543481111526,25.880434833790947,34.1459017581627,0.9841180297679666,0.9662295060079604,6.168911804368583,12.337823608737166,23.627716627395515,564.1822777765402,98.17022250184414,355.96785250771495,3.67739543425701,2020-12-31
-90.66417255077471,35.21105027824701,1,10526,PurcellMG5,15-May,longer_mat,1/1/1980,350,750,3410.1054096621074,8106.894034851632,124,4,72,46,1634.7809286654833,582.4299969673157,3887.9099957942963,33.26630435819211,21.346739126288373,27.306521742240243,35.56065575021212,0.9658560602980617,0.9063934591949966,6.168911804368583,12.337823608737166,23.627716627395515,612.8165477690669,130.15840031483611,70.49981584823433,4.192023601541731,2015-12-31
-90.66417255077471,35.21105027824701,1,10526,PurcellMG5,15-May,longer_mat,1/1/1980,350,750,3379.1323044565697,8080.683664527879,120,6,75,48,1420.3033863572775,596.3599970340729,3725.4100017547607,32.83641296884288,21.88804348655369,27.362228227698285,36.01639338008693,0.9541383685959919,0.8938524621431944,6.168911804368583,12.337823608737166,23.627716627395515,599.3425961514871,137.71033621960845,68.90603580365571,4.192685282861563,2016-12-31
-90.66417255077471,35.21105027824701,1,10526,PurcellMG5,15-May,longer_mat,1/1/1980,350,750,3707.565344435216,8847.939607141278,117,4,71,46,1336.8936981648317,658.6000003814697,3722.700005531311,31.6913044763648,20.694021686263707,26.192663081314254,33.76721325858695,0.9753850157116735,0.9733606588645057,6.168911804368583,12.337823608737166,23.627716627395515,568.5377062501866,87.29677719745561,186.64623048729518,4.400771772113874,2017-12-31
-90.66417255077471,35.21105027824701,1,10526,PurcellMG5,15-May,longer_mat,1/1/1980,350,750,3402.0509462055034,8257.721204348465,121,5,74,47,1492.2996927741237,380.96999645233154,3849.6399993896484,33.17826095871303,21.80706521674343,27.492663087728232,35.9639346951344,0.9656666512759396,0.9154098354402136,6.168911804368583,12.337823608737166,23.627716627395515,608.6384589998526,43.046481460445534,13.905208090266918,5.111330078448493,2018-12-31
-90.66417255077471,35.21105027824701,1,10526,PurcellMG5,15-May,longer_mat,1/1/1980,350,750,3865.7178340462187,8979.102743505247,119,5,69,45,1431.9616423010732,766.8000028133392,3800.090009689331,32.859782592110015,21.66521748641263,27.26250003926132,33.19016397194784,1,0.9834426254522607,6.168911804368583,12.337823608737166,23.627716627395515,618.5897108597991,131.8040525324163,107.11948752070423,4.508056091180779,2019-12-31
-90.66417255077471,35.21105027824701,1,10526,PurcellMG5,15-May,longer_mat,1/1/1980,350,750,3744.7666159465894,9065.896524673759,116,5,70,46,1356.7686911694686,946.6499993801117,3743.2299931049347,31.235326186470363,20.525543481111526,25.880434833790947,34.1459017581627,0.9841180297679666,0.9662295060079604,6.168911804368583,12.337823608737166,23.627716627395515,564.1822777765402,98.17022250184414,355.96785250771495,3.67739543425701,2020-12-31
-91.5524336062921,34.24108141634972,1,18551,PurcellMG5,15-May,longer_mat,1/1/1980,350,750,3410.1054096621074,8106.894034851632,124,4,72,46,1634.7809286654833,582.4299969673157,3887.9099957942963,33.26630435819211,21.346739126288373,27.306521742240243,35.56065575021212,0.9658560602980617,0.9063934591949966,6.168911804368583,12.337823608737166,23.627716627395515,612.8165477690669,130.15840031483611,70.49981584823433,4.192023601541731,2015-12-31
-91.5524336062921,34.24108141634972,1,18551,PurcellMG5,15-May,longer_mat,1/1/1980,350,750,3379.1323044565697,8080.683664527879,120,6,75,48,1420.3033863572775,596.3599970340729,3725.4100017547607,32.83641296884288,21.88804348655369,27.362228227698285,36.01639338008693,0.9541383685959919,0.8938524621431944,6.168911804368583,12.337823608737166,23.627716627395515,599.3425961514871,137.71033621960845,68.90603580365571,4.192685282861563,2016-12-31
-91.5524336062921,34.24108141634972,1,18551,PurcellMG5,15-May,longer_mat,1/1/1980,350,750,3707.565344435216,8847.939607141278,117,4,71,46,1336.8936981648317,658.6000003814697,3722.700005531311,31.6913044763648,20.694021686263707,26.192663081314254,33.76721325858695,0.9753850157116735,0.9733606588645057,6.168911804368583,12.337823608737166,23.627716627395515,568.5377062501866,87.29677719745561,186.64623048729518,4.400771772113874,2017-12-31
-91.5524336062921,34.24108141634972,1,18551,PurcellMG5,15-May,longer_mat,1/1/1980,350,750,3402.0509462055034,8257.721204348465,121,5,74,47,1492.2996927741237,380.96999645233154,3849.6399993896484,33.17826095871303,21.80706521674343,27.492663087728232,35.9639346951344,0.9656666512759396,0.9154098354402136,6.168911804368583,12.337823608737166,23.627716627395515,608.6384589998526,43.046481460445534,13.905208090266918,5.111330078448493,2018-12-31
-91.5524336062921,34.24108141634972,1,18551,PurcellMG5,15-May,longer_mat,1/1/1980,350,750,3865.7178340462187,8979.102743505247,119,5,69,45,1431.9616423010732,766.8000028133392,3800.090009689331,32.859782592110015,21.66521748641263,27.26250003926132,33.19016397194784,1,0.9834426254522607,6.168911804368583,12.337823608737166,23.627716627395515,618.5897108597991,131.8040525324163,107.11948752070423,4.508056091180779,2019-12-31
-91.5524336062921,34.24108141634972,1,18551,PurcellMG5,15-May,longer_mat,1/1/1980,350,750,3744.7666159465894,9065.896524673759,116,5,70,46,1356.7686911694686,946.6499993801117,3743.2299931049347,31.235326186470363,20.525543481111526,25.880434833790947,34.1459017581627,0.9841180297679666,0.9662295060079604,6.168911804368583,12.337823608737166,23.627716627395515,564.1822777765402,98.17022250184414,355.96785250771495,3.67739543425701,2020-12-31
-90.93705164442795,36.117603762561586,1,3354,PurcellMG5,15-May,longer_mat,1/1/1980,350,750,3410.1054096621074,8106.894034851632,124,4,72,46,1634.7809286654833,582.4299969673157,3887.9099957942963,33.26630435819211,21.346739126288373,27.306521742240243,35.56065575021212,0.9658560602980617,0.9063934591949966,6.168911804368583,12.337823608737166,23.627716627395515,612.8165477690669,130.15840031483611,70.49981584823433,4.192023601541731,2015-12-31
-90.93705164442795,36.117603762561586,1,3354,PurcellMG5,15-May,longer_mat,1/1/1980,350,750,3379.1323044565697,8080.683664527879,120,6,75,48,1420.3033863572775,596.3599970340729,3725.4100017547607,32.83641296884288,21.88804348655369,27.362228227698285,36.01639338008693,0.9541383685959919,0.8938524621431944,6.168911804368583,12.337823608737166,23.627716627395515,599.3425961514871,137.71033621960845,68.90603580365571,4.192685282861563,2016-12-31
-90.93705164442795,36.117603762561586,1,3354,PurcellMG5,15-May,longer_mat,1/1/1980,350,750,3707.565344435216,8847.939607141278,117,4,71,46,1336.8936981648317,658.6000003814697,3722.700005531311,31.6913044763648,20.694021686263707,26.192663081314254,33.76721325858695,0.9753850157116735,0.9733606588645057,6.168911804368583,12.337823608737166,23.627716627395515,568.5377062501866,87.29677719745561,186.64623048729518,4.400771772113874,2017-12-31
-90.93705164442795,36.117603762561586,1,3354,PurcellMG5,15-May,longer_mat,1/1/1980,350,750,3402.0509462055034,8257.721204348465,121,5,74,47,1492.2996927741237,380.96999645233154,3849.6399993896484,33.17826095871303,21.80706521674343,27.492663087728232,35.9639346951344,0.9656666512759396,0.9154098354402136,6.168911804368583,12.337823608737166,23.627716627395515,608.6384589998526,43.046481460445534,13.905208090266918,5.111330078448493,2018-12-31
-90.93705164442795,36.117603762561586,1,3354,PurcellMG5,15-May,longer_mat,1/1/1980,350,750,3865.7178340462187,8979.102743505247,119,5,69,45,1431.9616423010732,766.8000028133392,3800.090009689331,32.859782592110015,21.66521748641263,27.26250003926132,33.19016397194784,1,0.9834426254522607,6.168911804368583,12.337823608737166,23.627716627395515,618.5897108597991,131.8040525324163,107.11948752070423,4.508056091180779,2019-12-31
-90.93705164442795,36.117603762561586,1,3354,PurcellMG5,15-May,longer_mat,1/1/1980,350,750,3744.7666159465894,9065.896524673759,116,5,70,46,1356.7686911694686,946.6499993801117,3743.2299931049347,31.235326186470363,20.525543481111526,25.880434833790947,34.1459017581627,0.9841180297679666,0.9662295060079604,6.168911804368583,12.337823608737166,23.627716627395515,564.1822777765402,98.17022250184414,355.96785250771495,3.67739543425701,2020-12-31
-91.54689264517046,33.860189645683576,1,21595,PurcellMG5,15-May,longer_mat,1/1/1980,350,750,3410.1054096621074,8106.894034851632,124,4,72,46,1634.7809286654833,582.4299969673157,3887.9099957942963,33.26630435819211,21.346739126288373,27.306521742240243,35.56065575021212,0.9658560602980617,0.9063934591949966,6.168911804368583,12.337823608737166,23.627716627395515,612.8165477690669,130.15840031483611,70.49981584823433,4.192023601541731,2015-12-31
-91.54689264517046,33.860189645683576,1,21595,PurcellMG5,15-May,longer_mat,1/1/1980,350,750,3379.1323044565697,8080.683664527879,120,6,75,48,1420.3033863572775,596.3599970340729,3725.4100017547607,32.83641296884288,21.88804348655369,27.362228227698285,36.01639338008693,0.9541383685959919,0.8938524621431944,6.168911804368583,12.337823608737166,23.627716627395515,599.3425961514871,137.71033621960845,68.90603580365571,4.192685282861563,2016-12-31
-91.54689264517046,33.860189645683576,1,21595,PurcellMG5,15-May,longer_mat,1/1/1980,350,750,3707.565344435216,8847.939607141278,117,4,71,46,1336.8936981648317,658.6000003814697,3722.700005531311,31.6913044763648,20.694021686263707,26.192663081314254,33.76721325858695,0.9753850157116735,0.9733606588645057,6.168911804368583,12.337823608737166,23.627716627395515,568.5377062501866,87.29677719745561,186.64623048729518,4.400771772113874,2017-12-31
-91.54689264517046,33.860189645683576,1,21595,PurcellMG5,15-May,longer_mat,1/1/1980,350,750,3402.0509462055034,8257.721204348465,121,5,74,47,1492.2996927741237,380.96999645233154,3849.6399993896484,33.17826095871303,21.80706521674343,27.492663087728232,35.9639346951344,0.9656666512759396,0.9154098354402136,6.168911804368583,12.337823608737166,23.627716627395515,608.6384589998526,43.046481460445534,13.905208090266918,5.111330078448493,2018-12-31
-91.54689264517046,33.860189645683576,1,21595,PurcellMG5,15-May,longer_mat,1/1/1980,350,750,3865.7178340462187,8979.102743505247,119,5,69,45,1431.9616423010732,766.8000028133392,3800.090009689331,32.859782592110015,21.66521748641263,27.26250003926132,33.19016397194784,1,0.9834426254522607,6.168911804368583,12.337823608737166,23.627716627395515,618.5897108597991,131.8040525324163,107.11948752070423,4.508056091180779,2019-12-31
-91.54689264517046,33.860189645683576,1,21595,PurcellMG5,15-May,longer_mat,1/1/1980,350,750,3744.7666159465894,9065.896524673759,116,5,70,46,1356.7686911694686,946.6499993801117,3743.2299931049347,31.235326186470363,20.525543481111526,25.880434833790947,34.1459017581627,0.9841180297679666,0.9662295060079604,6.168911804368583,12.337823608737166,23.627716627395515,564.1822777765402,98.17022250184414,355.96785250771495,3.67739543425701,2020-12-31
-91.0134875334247,34.95788990364149,1,12662,PurcellMG5,15-Apr,early_sowing_longer_mat,1/1/1980,350,750,3856.4580503922975,9256.717474923029,134,7,72,45,1607.414311882064,582.4299969673157,3887.9099957942963,33.26630435819211,21.346739126288373,27.306521742240243,35.56065575021212,0.8851918748985338,0.9063934591949966,6.168911804368583,12.337823608737166,23.627716627395515,664.457842883762,153.43838624407985,198.06687021920786,3.795864291597606,2015-12-31
-91.0134875334247,34.95788990364149,1,12662,PurcellMG5,15-Apr,early_sowing_longer_mat,1/1/1980,350,750,3770.689420636959,8997.758244183338,131,6,72,45,1569.6232386865438,596.3599970340729,3725.4100017547607,32.83641296884288,21.88804348655369,27.362228227698285,36.01639338008693,0.8200116888962781,0.8938524621431944,6.168911804368583,12.337823608737166,23.627716627395515,615.2186205022534,143.73153303778392,148.41922091861454,4.155627825643333,2016-12-31
-91.0134875334247,34.95788990364149,1,12662,PurcellMG5,15-Apr,early_sowing_longer_mat,1/1/1980,350,750,3985.6074316074883,9596.838677753301,128,5,72,45,1460.5206670508494,658.6000003814697,3722.700005531311,31.6913044763648,20.694021686263707,26.192663081314254,33.76721325858695,0.8513568968426652,0.9733606588645057,6.168911804368583,12.337823608737166,23.627716627395515,593.2266935670812,99.65743482953816,195.65748219474582,4.485560815722388,2017-12-31
-91.0134875334247,34.95788990364149,1,12662,PurcellMG5,15-Apr,early_sowing_longer_mat,1/1/1980,350,750,3691.284628648885,8832.77374881403,133,9,74,45,1632.721070242107,380.96999645233154,3849.6399993896484,33.17826095871303,21.80706521674343,27.492663087728232,35.9639346951344,0.7083927552721864,0.9154098354402136,6.168911804368583,12.337823608737166,23.627716627395515,651.4716706373472,79.39397858215823,15.343382889730687,4.946716630077622,2018-12-31
-91.0134875334247,34.95788990364149,1,12662,PurcellMG5,15-Apr,early_sowing_longer_mat,1/1/1980,350,750,4085.9978047148547,9913.104393544492,129,7,70,43,1459.3537705849405,766.8000028133392,3800.090009689331,32.859782592110015,21.66521748641263,27.26250003926132,33.19016397194784,0.9139118898986818,0.9834426254522607,6.168911804368583,12.337823608737166,23.627716627395515,646.438904716309,124.96863126362808,251.81460372323525,3.9932656323290328,2019-12-31
-91.0134875334247,34.95788990364149,1,12662,PurcellMG5,15-Apr,early_sowing_longer_mat,1/1/1980,350,750,4234.326799015864,10119.25581749007,130,8,75,48,1490.9848077429415,946.6499993801117,3743.2299931049347,31.235326186470363,20.525543481111526,25.880434833790947,34.1459017581627,0.9042064848868558,0.9662295060079604,6.168911804368583,12.337823608737166,23.627716627395515,652.8898558183607,121.37893267211537,319.072079381397,3.8728331881142832,2020-12-31
-91.04206014747538,34.086034535644565,1,19644,PurcellMG5,15-Apr,early_sowing_longer_mat,1/1/1980,350,750,3856.4580503922975,9256.717474923029,134,7,72,45,1607.414311882064,582.4299969673157,3887.9099957942963,33.26630435819211,21.346739126288373,27.306521742240243,35.56065575021212,0.8851918748985338,0.9063934591949966,6.168911804368583,12.337823608737166,23.627716627395515,664.457842883762,153.43838624407985,198.06687021920786,3.795864291597606,2015-12-31
-91.04206014747538,34.086034535644565,1,19644,PurcellMG5,15-Apr,early_sowing_longer_mat,1/1/1980,350,750,3770.689420636959,8997.758244183338,131,6,72,45,1569.6232386865438,596.3599970340729,3725.4100017547607,32.83641296884288,21.88804348655369,27.362228227698285,36.01639338008693,0.8200116888962781,0.8938524621431944,6.168911804368583,12.337823608737166,23.627716627395515,615.2186205022534,143.73153303778392,148.41922091861454,4.155627825643333,2016-12-31
-91.04206014747538,34.086034535644565,1,19644,PurcellMG5,15-Apr,early_sowing_longer_mat,1/1/1980,350,750,3985.6074316074883,9596.838677753301,128,5,72,45,1460.5206670508494,658.6000003814697,3722.700005531311,31.6913044763648,20.694021686263707,26.192663081314254,33.76721325858695,0.8513568968426652,0.9733606588645057,6.168911804368583,12.337823608737166,23.627716627395515,593.2266935670812,99.65743482953816,195.65748219474582,4.485560815722388,2017-12-31
-91.04206014747538,34.086034535644565,1,19644,PurcellMG5,15-Apr,early_sowing_longer_mat,1/1/1980,350,750,3691.284628648885,8832.77374881403,133,9,74,45,1632.721070242107,380.96999645233154,3849.6399993896484,33.17826095871303,21.80706521674343,27.492663087728232,35.9639346951344,0.7083927552721864,0.9154098354402136,6.168911804368583,12.337823608737166,23.627716627395515,651.4716706373472,79.39397858215823,15.343382889730687,4.946716630077622,2018-12-31
-91.04206014747538,34.086034535644565,1,19644,PurcellMG5,15-Apr,early_sowing_longer_mat,1/1/1980,350,750,4085.9978047148547,9913.104393544492,129,7,70,43,1459.3537705849405,766.8000028133392,3800.090009689331,32.859782592110015,21.66521748641263,27.26250003926132,33.19016397194784,0.9139118898986818,0.9834426254522607,6.168911804368583,12.337823608737166,23.627716627395515,646.438904716309,124.96863126362808,251.81460372323525,3.9932656323290328,2019-12-31
-91.04206014747538,34.086034535644565,1,19644,PurcellMG5,15-Apr,early_sowing_longer_mat,1/1/1980,350,750,4234.326799015864,10119.25581749007,130,8,75,48,1490.9848077429415,946.6499993801117,3743.2299931049347,31.235326186470363,20.525543481111526,25.880434833790947,34.1459017581627,0.9042064848868558,0.9662295060079604,6.168911804368583,12.337823608737166,23.627716627395515,652.8898558183607,121.37893267211537,319.072079381397,3.8728331881142832,2020-12-31
-90.25953385772954,35.05771131032115,1,11615,PurcellMG5,15-Apr,early_sowing_longer_mat,1/1/1980,350,750,3856.4580503922975,9256.717474923029,134,7,72,45,1607.414311882064,582.4299969673157,3887.9099957942963,33.26630435819211,21.346739126288373,27.306521742240243,35.56065575021212,0.8851918748985338,0.9063934591949966,6.168911804368583,12.337823608737166,23.627716627395515,664.457842883762,153.43838624407985,198.06687021920786,3.795864291597606,2015-12-31
-90.25953385772954,35.05771131032115,1,11615,PurcellMG5,15-Apr,early_sowing_longer_mat,1/1/1980,350,750,3770.689420636959,8997.758244183338,131,6,72,45,1569.6232386865438,596.3599970340729,3725.4100017547607,32.83641296884288,21.88804348655369,27.362228227698285,36.01639338008693,0.8200116888962781,0.8938524621431944,6.168911804368583,12.337823608737166,23.627716627395515,615.2186205022534,143.73153303778392,148.41922091861454,4.155627825643333,2016-12-31
-90.25953385772954,35.05771131032115,1,11615,PurcellMG5,15-Apr,early_sowing_longer_mat,1/1/1980,350,750,3985.6074316074883,9596.838677753301,128,5,72,45,1460.5206670508494,658.6000003814697,3722.700005531311,31.6913044763648,20.694021686263707,26.192663081314254,33.76721325858695,0.8513568968426652,0.9733606588645057,6.168911804368583,12.337823608737166,23.627716627395515,593.2266935670812,99.65743482953816,195.65748219474582,4.485560815722388,2017-12-31
-90.25953385772954,35.05771131032115,1,11615,PurcellMG5,15-Apr,early_sowing_longer_mat,1/1/1980,350,750,3691.284628648885,8832.77374881403,133,9,74,45,1632.721070242107,380.96999645233154,3849.6399993896484,33.17826095871303,21.80706521674343,27.492663087728232,35.9639346951344,0.7083927552721864,0.9154098354402136,6.168911804368583,12.337823608737166,23.627716627395515,651.4716706373472,79.39397858215823,15.343382889730687,4.946716630077622,2018-12-31
-90.25953385772954,35.05771131032115,1,11615,PurcellMG5,15-Apr,early_sowing_longer_mat,1/1/1980,350,750,4085.9978047148547,9913.104393544492,129,7,70,43,1459.3537705849405,766.8000028133392,3800.090009689331,32.859782592110015,21.66521748641263,27.26250003926132,33.19016397194784,0.9139118898986818,0.9834426254522607,6.168911804368583,12.337823608737166,23.627716627395515,646.438904716309,124.96863126362808,251.81460372323525,3.9932656323290328,2019-12-31
-90.25953385772954,35.05771131032115,1,11615,PurcellMG5,15-Apr,early_sowing_longer_mat,1/1/1980,350,750,4234.326799015864,10119.25581749007,130,8,75,48,1490.9848077429415,946.6499993801117,3743.2299931049347,31.235326186470363,20.525543481111526,25.880434833790947,34.1459017581627,0.9042064848868558,0.9662295060079604,6.168911804368583,12.337823608737166,23.627716627395515,652.8898558183607,121.37893267211537,319.072079381397,3.8728331881142832,2020-12-31
-91.27144920931379,35.7066116349121,1,6744,PurcellMG5,15-Apr,early_sowing_longer_mat,1/1/1980,350,750,3856.4580503922975,9256.717474923029,134,7,72,45,1607.414311882064,582.4299969673157,3887.9099957942963,33.26630435819211,21.346739126288373,27.306521742240243,35.56065575021212,0.8851918748985338,0.9063934591949966,6.168911804368583,12.337823608737166,23.627716627395515,664.457842883762,153.43838624407985,198.06687021920786,3.795864291597606,2015-12-31
-91.27144920931379,35.7066116349121,1,6744,PurcellMG5,15-Apr,early_sowing_longer_mat,1/1/1980,350,750,3770.689420636959,8997.758244183338,131,6,72,45,1569.6232386865438,596.3599970340729,3725.4100017547607,32.83641296884288,21.88804348655369,27.362228227698285,36.01639338008693,0.8200116888962781,0.8938524621431944,6.168911804368583,12.337823608737166,23.627716627395515,615.2186205022534,143.73153303778392,148.41922091861454,4.155627825643333,2016-12-31
-91.27144920931379,35.7066116349121,1,6744,PurcellMG5,15-Apr,early_sowing_longer_mat,1/1/1980,350,750,3985.6074316074883,9596.838677753301,128,5,72,45,1460.5206670508494,658.6000003814697,3722.700005531311,31.6913044763648,20.694021686263707,26.192663081314254,33.76721325858695,0.8513568968426652,0.9733606588645057,6.168911804368583,12.337823608737166,23.627716627395515,593.2266935670812,99.65743482953816,195.65748219474582,4.485560815722388,2017-12-31
-91.27144920931379,35.7066116349121,1,6744,PurcellMG5,15-Apr,early_sowing_longer_mat,1/1/1980,350,750,3691.284628648885,8832.77374881403,133,9,74,45,1632.721070242107,380.96999645233154,3849.6399993896484,33.17826095871303,21.80706521674343,27.492663087728232,35.9639346951344,0.7083927552721864,0.9154098354402136,6.168911804368583,12.337823608737166,23.627716627395515,651.4716706373472,79.39397858215823,15.343382889730687,4.946716630077622,2018-12-31
-91.27144920931379,35.7066116349121,1,6744,PurcellMG5,15-Apr,early_sowing_longer_mat,1/1/1980,350,750,4085.9978047148547,9913.104393544492,129,7,70,43,1459.3537705849405,766.8000028133392,3800.090009689331,32.859782592110015,21.66521748641263,27.26250003926132,33.19016397194784,0.9139118898986818,0.9834426254522607,6.168911804368583,12.337823608737166,23.627716627395515,646.438904716309,124.96863126362808,251.81460372323525,3.9932656323290328,2019-12-31
-91.27144920931379,35.7066116349121,1,6744,PurcellMG5,15-Apr,early_sowing_longer_mat,1/1/1980,350,750,4234.326799015864,10119.25581749007,130,8,75,48,1490.9848077429415,946.6499993801117,3743.2299931049347,31.235326186470363,20.525543481111526,25.880434833790947,34.1459017581627,0.9042064848868558,0.9662295060079604,6.168911804368583,12.337823608737166,23.627716627395515,652.8898558183607,121.37893267211537,319.072079381397,3.8728331881142832,2020-12-31
-91.19215908461389,35.636344474262884,1,7284,PurcellMG5,15-Apr,early_sowing_longer_mat,1/1/1980,350,750,3856.4580503922975,9256.717474923029,134,7,72,45,1607.414311882064,582.4299969673157,3887.9099957942963,33.26630435819211,21.346739126288373,27.306521742240243,35.56065575021212,0.8851918748985338,0.9063934591949966,6.168911804368583,12.337823608737166,23.627716627395515,664.457842883762,153.43838624407985,198.06687021920786,3.795864291597606,2015-12-31
-91.19215908461389,35.636344474262884,1,7284,PurcellMG5,15-Apr,early_sowing_longer_mat,1/1/1980,350,750,3770.689420636959,8997.758244183338,131,6,72,45,1569.6232386865438,596.3599970340729,3725.4100017547607,32.83641296884288,21.88804348655369,27.362228227698285,36.01639338008693,0.8200116888962781,0.8938524621431944,6.168911804368583,12.337823608737166,23.627716627395515,615.2186205022534,143.73153303778392,148.41922091861454,4.155627825643333,2016-12-31
-91.19215908461389,35.636344474262884,1,7284,PurcellMG5,15-Apr,early_sowing_longer_mat,1/1/1980,350,750,3985.6074316074883,9596.838677753301,128,5,72,45,1460.5206670508494,658.6000003814697,3722.700005531311,31.6913044763648,20.694021686263707,26.192663081314254,33.76721325858695,0.8513568968426652,0.9733606588645057,6.168911804368583,12.337823608737166,23.627716627395515,593.2266935670812,99.65743482953816,195.65748219474582,4.485560815722388,2017-12-31
-91.19215908461389,35.636344474262884,1,7284,PurcellMG5,15-Apr,early_sowing_longer_mat,1/1/1980,350,750,3691.284628648885,8832.77374881403,133,9,74,45,1632.721070242107,380.96999645233154,3849.6399993896484,33.17826095871303,21.80706521674343,27.492663087728232,35.9639346951344,0.7083927552721864,0.9154098354402136,6.168911804368583,12.337823608737166,23.627716627395515,651.4716706373472,79.39397858215823,15.343382889730687,4.946716630077622,2018-12-31
-91.19215908461389,35.636344474262884,1,7284,PurcellMG5,15-Apr,early_sowing_longer_mat,1/1/1980,350,750,4085.9978047148547,9913.104393544492,129,7,70,43,1459.3537705849405,766.8000028133392,3800.090009689331,32.859782592110015,21.66521748641263,27.26250003926132,33.19016397194784,0.9139118898986818,0.9834426254522607,6.168911804368583,12.337823608737166,23.627716627395515,646.438904716309,124.96863126362808,251.81460372323525,3.9932656323290328,2019-12-31
-91.19215908461389,35.636344474262884,1,7284,PurcellMG5,15-Apr,early_sowing_longer_mat,1/1/1980,350,750,4234.326799015864,10119.25581749007,130,8,75,48,1490.9848077429415,946.6499993801117,3743.2299931049347,31.235326186470363,20.525543481111526,25.880434833790947,34.1459017581627,0.9042064848868558,0.9662295060079604,6.168911804368583,12.337823608737166,23.627716627395515,652.8898558183607,121.37893267211537,319.072079381397,3.8728331881142832,2020-12-31
-89.91651186466785,35.89089528883186,1,4823,PurcellMG5,15-Apr,early_sowing_longer_mat,1/1/1980,350,750,3856.4580503922975,9256.717474923029,134,7,72,45,1607.414311882064,582.4299969673157,3887.9099957942963,33.26630435819211,21.346739126288373,27.306521742240243,35.56065575021212,0.8851918748985338,0.9063934591949966,6.168911804368583,12.337823608737166,23.627716627395515,664.457842883762,153.43838624407985,198.06687021920786,3.795864291597606,2015-12-31
-89.91651186466785,35.89089528883186,1,4823,PurcellMG5,15-Apr,early_sowing_longer_mat,1/1/1980,350,750,3770.689420636959,8997.758244183338,131,6,72,45,1569.6232386865438,596.3599970340729,3725.4100017547607,32.83641296884288,21.88804348655369,27.362228227698285,36.01639338008693,0.8200116888962781,0.8938524621431944,6.168911804368583,12.337823608737166,23.627716627395515,615.2186205022534,143.73153303778392,148.41922091861454,4.155627825643333,2016-12-31
-89.91651186466785,35.89089528883186,1,4823,PurcellMG5,15-Apr,early_sowing_longer_mat,1/1/1980,350,750,3985.6074316074883,9596.838677753301,128,5,72,45,1460.5206670508494,658.6000003814697,3722.700005531311,31.6913044763648,20.694021686263707,26.192663081314254,33.76721325858695,0.8513568968426652,0.9733606588645057,6.168911804368583,12.337823608737166,23.627716627395515,593.2266935670812,99.65743482953816,195.65748219474582,4.485560815722388,2017-12-31
-89.91651186466785,35.89089528883186,1,4823,PurcellMG5,15-Apr,early_sowing_longer_mat,1/1/1980,350,750,3691.284628648885,8832.77374881403,133,9,74,45,1632.721070242107,380.96999645233154,3849.6399993896484,33.17826095871303,21.80706521674343,27.492663087728232,35.9639346951344,0.7083927552721864,0.9154098354402136,6.168911804368583,12.337823608737166,23.627716627395515,651.4716706373472,79.39397858215823,15.343382889730687,4.946716630077622,2018-12-31
-89.91651186466785,35.89089528883186,1,4823,PurcellMG5,15-Apr,early_sowing_longer_mat,1/1/1980,350,750,4085.9978047148547,9913.104393544492,129,7,70,43,1459.3537705849405,766.8000028133392,3800.090009689331,32.859782592110015,21.66521748641263,27.26250003926132,33.19016397194784,0.9139118898986818,0.9834426254522607,6.168911804368583,12.337823608737166,23.627716627395515,646.438904716309,124.96863126362808,251.81460372323525,3.9932656323290328,2019-12-31
-89.91651186466785,35.89089528883186,1,4823,PurcellMG5,15-Apr,early_sowing_longer_mat,1/1/1980,350,750,4234.326799015864,10119.25581749007,130,8,75,48,1490.9848077429415,946.6499993801117,3743.2299931049347,31.235326186470363,20.525543481111526,25.880434833790947,34.1459017581627,0.9042064848868558,0.9662295060079604,6.168911804368583,12.337823608737166,23.627716627395515,652.8898558183607,121.37893267211537,319.072079381397,3.8728331881142832,2020-12-31
-90.66417255077471,35.21105027824701,1,10526,PurcellMG5,15-Apr,early_sowing_longer_mat,1/1/1980,350,750,3856.4580503922975,9256.717474923029,134,7,72,45,1607.414311882064,582.4299969673157,3887.9099957942963,33.26630435819211,21.346739126288373,27.306521742240243,35.56065575021212,0.8851918748985338,0.9063934591949966,6.168911804368583,12.337823608737166,23.627716627395515,664.457842883762,153.43838624407985,198.06687021920786,3.795864291597606,2015-12-31
-90.66417255077471,35.21105027824701,1,10526,PurcellMG5,15-Apr,early_sowing_longer_mat,1/1/1980,350,750,3770.689420636959,8997.758244183338,131,6,72,45,1569.6232386865438,596.3599970340729,3725.4100017547607,32.83641296884288,21.88804348655369,27.362228227698285,36.01639338008693,0.8200116888962781,0.8938524621431944,6.168911804368583,12.337823608737166,23.627716627395515,615.2186205022534,143.73153303778392,148.41922091861454,4.155627825643333,2016-12-31
-90.66417255077471,35.21105027824701,1,10526,PurcellMG5,15-Apr,early_sowing_longer_mat,1/1/1980,350,750,3985.6074316074883,9596.838677753301,128,5,72,45,1460.5206670508494,658.6000003814697,3722.700005531311,31.6913044763648,20.694021686263707,26.192663081314254,33.76721325858695,0.8513568968426652,0.9733606588645057,6.168911804368583,12.337823608737166,23.627716627395515,593.2266935670812,99.65743482953816,195.65748219474582,4.485560815722388,2017-12-31
-90.66417255077471,35.21105027824701,1,10526,PurcellMG5,15-Apr,early_sowing_longer_mat,1/1/1980,350,750,3691.284628648885,8832.77374881403,133,9,74,45,1632.721070242107,380.96999645233154,3849.6399993896484,33.17826095871303,21.80706521674343,27.492663087728232,35.9639346951344,0.7083927552721864,0.9154098354402136,6.168911804368583,12.337823608737166,23.627716627395515,651.4716706373472,79.39397858215823,15.343382889730687,4.946716630077622,2018-12-31
-90.66417255077471,35.21105027824701,1,10526,PurcellMG5,15-Apr,early_sowing_longer_mat,1/1/1980,350,750,4085.9978047148547,9913.104393544492,129,7,70,43,1459.3537705849405,766.8000028133392,3800.090009689331,32.859782592110015,21.66521748641263,27.26250003926132,33.19016397194784,0.9139118898986818,0.9834426254522607,6.168911804368583,12.337823608737166,23.627716627395515,646.438904716309,124.96863126362808,251.81460372323525,3.9932656323290328,2019-12-31
-90.66417255077471,35.21105027824701,1,10526,PurcellMG5,15-Apr,early_sowing_longer_mat,1/1/1980,350,750,4234.326799015864,10119.25581749007,130,8,75,48,1490.9848077429415,946.6499993801117,3743.2299931049347,31.235326186470363,20.525543481111526,25.880434833790947,34.1459017581627,0.9042064848868558,0.9662295060079604,6.168911804368583,12.337823608737166,23.627716627395515,652.8898558183607,121.37893267211537,319.072079381397,3.8728331881142832,2020-12-31
-91.5524336062921,34.24108141634972,1,18551,PurcellMG5,15-Apr,early_sowing_longer_mat,1/1/1980,350,750,3856.4580503922975,9256.717474923029,134,7,72,45,1607.414311882064,582.4299969673157,3887.9099957942963,33.26630435819211,21.346739126288373,27.306521742240243,35.56065575021212,0.8851918748985338,0.9063934591949966,6.168911804368583,12.337823608737166,23.627716627395515,664.457842883762,153.43838624407985,198.06687021920786,3.795864291597606,2015-12-31
-91.5524336062921,34.24108141634972,1,18551,PurcellMG5,15-Apr,early_sowing_longer_mat,1/1/1980,350,750,3770.689420636959,8997.758244183338,131,6,72,45,1569.6232386865438,596.3599970340729,3725.4100017547607,32.83641296884288,21.88804348655369,27.362228227698285,36.01639338008693,0.8200116888962781,0.8938524621431944,6.168911804368583,12.337823608737166,23.627716627395515,615.2186205022534,143.73153303778392,148.41922091861454,4.155627825643333,2016-12-31
-91.5524336062921,34.24108141634972,1,18551,PurcellMG5,15-Apr,early_sowing_longer_mat,1/1/1980,350,750,3985.6074316074883,9596.838677753301,128,5,72,45,1460.5206670508494,658.6000003814697,3722.700005531311,31.6913044763648,20.694021686263707,26.192663081314254,33.76721325858695,0.8513568968426652,0.9733606588645057,6.168911804368583,12.337823608737166,23.627716627395515,593.2266935670812,99.65743482953816,195.65748219474582,4.485560815722388,2017-12-31
-91.5524336062921,34.24108141634972,1,18551,PurcellMG5,15-Apr,early_sowing_longer_mat,1/1/1980,350,750,3691.284628648885,8832.77374881403,133,9,74,45,1632.721070242107,380.96999645233154,3849.6399993896484,33.17826095871303,21.80706521674343,27.492663087728232,35.9639346951344,0.7083927552721864,0.9154098354402136,6.168911804368583,12.337823608737166,23.627716627395515,651.4716706373472,79.39397858215823,15.343382889730687,4.946716630077622,2018-12-31
-91.5524336062921,34.24108141634972,1,18551,PurcellMG5,15-Apr,early_sowing_longer_mat,1/1/1980,350,750,4085.9978047148547,9913.104393544492,129,7,70,43,1459.3537705849405,766.8000028133392,3800.090009689331,32.859782592110015,21.66521748641263,27.26250003926132,33.19016397194784,0.9139118898986818,0.9834426254522607,6.168911804368583,12.337823608737166,23.627716627395515,646.438904716309,124.96863126362808,251.81460372323525,3.9932656323290328,2019-12-31
-91.5524336062921,34.24108141634972,1,18551,PurcellMG5,15-Apr,early_sowing_longer_mat,1/1/1980,350,750,4234.326799015864,10119.25581749007,130,8,75,48,1490.9848077429415,946.6499993801117,3743.2299931049347,31.235326186470363,20.525543481111526,25.880434833790947,34.1459017581627,0.9042064848868558,0.9662295060079604,6.168911804368583,12.337823608737166,23.627716627395515,652.8898558183607,121.37893267211537,319.072079381397,3.8728331881142832,2020-12-31
-90.93705164442795,36.117603762561586,1,3354,PurcellMG5,15-Apr,early_sowing_longer_mat,1/1/1980,350,750,3856.4580503922975,9256.717474923029,134,7,72,45,1607.414311882064,582.4299969673157,3887.9099957942963,33.26630435819211,21.346739126288373,27.306521742240243,35.56065575021212,0.8851918748985338,0.9063934591949966,6.168911804368583,12.337823608737166,23.627716627395515,664.457842883762,153.43838624407985,198.06687021920786,3.795864291597606,2015-12-31
-90.93705164442795,36.117603762561586,1,3354,PurcellMG5,15-Apr,early_sowing_longer_mat,1/1/1980,350,750,3770.689420636959,8997.758244183338,131,6,72,45,1569.6232386865438,596.3599970340729,3725.4100017547607,32.83641296884288,21.88804348655369,27.362228227698285,36.01639338008693,0.8200116888962781,0.8938524621431944,6.168911804368583,12.337823608737166,23.627716627395515,615.2186205022534,143.73153303778392,148.41922091861454,4.155627825643333,2016-12-31
-90.93705164442795,36.117603762561586,1,3354,PurcellMG5,15-Apr,early_sowing_longer_mat,1/1/1980,350,750,3985.6074316074883,9596.838677753301,128,5,72,45,1460.5206670508494,658.6000003814697,3722.700005531311,31.6913044763648,20.694021686263707,26.192663081314254,33.76721325858695,0.8513568968426652,0.9733606588645057,6.168911804368583,12.337823608737166,23.627716627395515,593.2266935670812,99.65743482953816,195.65748219474582,4.485560815722388,2017-12-31
-90.93705164442795,36.117603762561586,1,3354,PurcellMG5,15-Apr,early_sowing_longer_mat,1/1/1980,350,750,3691.284628648885,8832.77374881403,133,9,74,45,1632.721070242107,380.96999645233154,3849.6399993896484,33.17826095871303,21.80706521674343,27.492663087728232,35.9639346951344,0.7083927552721864,0.9154098354402136,6.168911804368583,12.337823608737166,23.627716627395515,651.4716706373472,79.39397858215823,15.343382889730687,4.946716630077622,2018-12-31
-90.93705164442795,36.117603762561586,1,3354,PurcellMG5,15-Apr,early_sowing_longer_mat,1/1/1980,350,750,4085.9978047148547,9913.104393544492,129,7,70,43,1459.3537705849405,766.8000028133392,3800.090009689331,32.859782592110015,21.66521748641263,27.26250003926132,33.19016397194784,0.9139118898986818,0.9834426254522607,6.168911804368583,12.337823608737166,23.627716627395515,646.438904716309,124.96863126362808,251.81460372323525,3.9932656323290328,2019-12-31
-90.93705164442795,36.117603762561586,1,3354,PurcellMG5,15-Apr,early_sowing_longer_mat,1/1/1980,350,750,4234.326799015864,10119.25581749007,130,8,75,48,1490.9848077429415,946.6499993801117,3743.2299931049347,31.235326186470363,20.525543481111526,25.880434833790947,34.1459017581627,0.9042064848868558,0.9662295060079604,6.168911804368583,12.337823608737166,23.627716627395515,652.8898558183607,121.37893267211537,319.072079381397,3.8728331881142832,2020-12-31
-91.54689264517046,33.860189645683576,1,21595,PurcellMG5,15-Apr,early_sowing_longer_mat,1/1/1980,350,750,3856.4580503922975,9256.717474923029,134,7,72,45,1607.414311882064,582.4299969673157,3887.9099957942963,33.26630435819211,21.346739126288373,27.306521742240243,35.56065575021212,0.8851918748985338,0.9063934591949966,6.168911804368583,12.337823608737166,23.627716627395515,664.457842883762,153.43838624407985,198.06687021920786,3.795864291597606,2015-12-31
-91.54689264517046,33.860189645683576,1,21595,PurcellMG5,15-Apr,early_sowing_longer_mat,1/1/1980,350,750,3770.689420636959,8997.758244183338,131,6,72,45,1569.6232386865438,596.3599970340729,3725.4100017547607,32.83641296884288,21.88804348655369,27.362228227698285,36.01639338008693,0.8200116888962781,0.8938524621431944,6.168911804368583,12.337823608737166,23.627716627395515,615.2186205022534,143.73153303778392,148.41922091861454,4.155627825643333,2016-12-31
-91.54689264517046,33.860189645683576,1,21595,PurcellMG5,15-Apr,early_sowing_longer_mat,1/1/1980,350,750,3985.6074316074883,9596.838677753301,128,5,72,45,1460.5206670508494,658.6000003814697,3722.700005531311,31.6913044763648,20.694021686263707,26.192663081314254,33.76721325858695,0.8513568968426652,0.9733606588645057,6.168911804368583,12.337823608737166,23.627716627395515,593.2266935670812,99.65743482953816,195.65748219474582,4.485560815722388,2017-12-31
-91.54689264517046,33.860189645683576,1,21595,PurcellMG5,15-Apr,early_sowing_longer_mat,1/1/1980,350,750,3691.284628648885,8832.77374881403,133,9,74,45,1632.721070242107,380.96999645233154,3849.6399993896484,33.17826095871303,21.80706521674343,27.492663087728232,35.9639346951344,0.7083927552721864,0.9154098354402136,6.168911804368583,12.337823608737166,23.627716627395515,651.4716706373472,79.39397858215823,15.343382889730687,4.946716630077622,2018-12-31
-91.54689264517046,33.860189645683576,1,21595,PurcellMG5,15-Apr,early_sowing_longer_mat,1/1/1980,350,750,4085.9978047148547,9913.104393544492,129,7,70,43,1459.3537705849405,766.8000028133392,3800.090009689331,32.859782592110015,21.66521748641263,27.26250003926132,33.19016397194784,0.9139118898986818,0.9834426254522607,6.168911804368583,12.337823608737166,23.627716627395515,646.438904716309,124.96863126362808,251.81460372323525,3.9932656323290328,2019-12-31
-91.54689264517046,33.860189645683576,1,21595,PurcellMG5,15-Apr,early_sowing_longer_mat,1/1/1980,350,750,4234.326799015864,10119.25581749007,130,8,75,48,1490.9848077429415,946.6499993801117,3743.2299931049347,31.235326186470363,20.525543481111526,25.880434833790947,34.1459017581627,0.9042064848868558,0.9662295060079604,6.168911804368583,12.337823608737166,23.627716627395515,652.8898558183607,121.37893267211537,319.072079381397,3.8728331881142832,2020-12-31
-91.0134875334247,34.95788990364149,1,12662,PurcellMG4,15-May,climate_change,1/1/1980,540,750,4159.673834771624,9862.270968464243,113,4,64,37,1547.3844088930298,582.4299969673157,3887.9099957942963,33.26630435819211,21.346739126288373,27.306521742240243,35.56065575021212,0.9721856197232043,0.9063934591949966,6.168911804368583,12.337823608737166,23.627716627395515,556.410460166141,130.8933889827577,71.01573590933923,5.485383625496322,2015-12-31
-91.0134875334247,34.95788990364149,1,12662,PurcellMG4,15-May,climate_change,1/1/1980,540,750,3927.568646508498,9366.693825600327,111,6,68,39,1339.7628744200529,596.3599970340729,3725.4100017547607,32.83641296884288,21.88804348655369,27.362228227698285,36.01639338008693,0.9600059640120036,0.8938524621431944,6.168911804368583,12.337823608737166,23.627716627395515,530.347271116566,137.802909486082,70.46053581896928,5.317508342603771,2016-12-31
-91.0134875334247,34.95788990364149,1,12662,PurcellMG4,15-May,climate_change,1/1/1980,540,750,4302.414661478002,10804.288238855097,106,4,64,37,1261.4494869419693,658.6000003814697,3722.700005531311,31.6913044763648,20.694021686263707,26.192663081314254,33.76721325858695,0.9819375390132385,0.9733606588645057,6.168911804368583,12.337823608737166,23.627716627395515,505.5353683305707,88.16864541390723,173.8204662489431,5.605573207925409,2017-12-31
-91.0134875334247,34.95788990364149,1,12662,PurcellMG4,15-May,climate_change,1/1/1980,540,750,4077.0509496505933,9821.608422043326,111,5,66,38,1403.0209015136359,380.96999645233154,3849.6399993896484,33.17826095871303,21.80706521674343,27.492663087728232,35.9639346951344,0.9713960763598694,0.9154098354402136,6.168911804368583,12.337823608737166,23.627716627395515,567.530113408141,43.16336945167476,9.2645132015501,6.576334163850402,2018-12-31
-91.0134875334247,34.95788990364149,1,12662,PurcellMG4,15-May,climate_change,1/1/1980,540,750,4359.854151166024,10726.293041348665,107,5,62,36,1326.0237299645323,766.8000028133392,3800.090009689331,32.859782592110015,21.66521748641263,27.26250003926132,33.19016397194784,1,0.9834426254522607,6.168911804368583,12.337823608737166,23.627716627395515,528.9573241510886,132.63939290923247,109.65857771320307,5.652932538305979,2019-12-31
-91.0134875334247,34.95788990364149,1,12662,PurcellMG4,15-May,climate_change,1/1/1980,540,750,4206.415223958242,10870.13511592117,106,5,64,38,1272.9929391260582,946.6499993801117,3743.2299931049347,31.235326186470363,20.525543481111526,25.880434833790947,34.1459017581627,0.9905449567571603,0.9662295060079604,6.168911804368583,12.337823608737166,23.627716627395515,525.289857891907,98.54928349462153,352.4423166328569,4.308609150983914,2020-12-31
-91.04206014747538,34.086034535644565,1,19644,PurcellMG4,15-May,climate_change,1/1/1980,540,750,4159.673834771624,9862.270968464243,113,4,64,37,1547.3844088930298,582.4299969673157,3887.9099957942963,33.26630435819211,21.346739126288373,27.306521742240243,35.56065575021212,0.9721856197232043,0.9063934591949966,6.168911804368583,12.337823608737166,23.627716627395515,556.410460166141,130.8933889827577,71.01573590933923,5.485383625496322,2015-12-31
-91.04206014747538,34.086034535644565,1,19644,PurcellMG4,15-May,climate_change,1/1/1980,540,750,3927.568646508498,9366.693825600327,111,6,68,39,1339.7628744200529,596.3599970340729,3725.4100017547607,32.83641296884288,21.88804348655369,27.362228227698285,36.01639338008693,0.9600059640120036,0.8938524621431944,6.168911804368583,12.337823608737166,23.627716627395515,530.347271116566,137.802909486082,70.46053581896928,5.317508342603771,2016-12-31
-91.04206014747538,34.086034535644565,1,19644,PurcellMG4,15-May,climate_change,1/1/1980,540,750,4302.414661478002,10804.288238855097,106,4,64,37,1261.4494869419693,658.6000003814697,3722.700005531311,31.6913044763648,20.694021686263707,26.192663081314254,33.76721325858695,0.9819375390132385,0.9733606588645057,6.168911804368583,12.337823608737166,23.627716627395515,505.5353683305707,88.16864541390723,173.8204662489431,5.605573207925409,2017-12-31
-91.04206014747538,34.086034535644565,1,19644,PurcellMG4,15-May,climate_change,1/1/1980,540,750,4077.0509496505933,9821.608422043326,111,5,66,38,1403.0209015136359,380.96999645233154,3849.6399993896484,33.17826095871303,21.80706521674343,27.492663087728232,35.9639346951344,0.9713960763598694,0.9154098354402136,6.168911804368583,12.337823608737166,23.627716627395515,567.530113408141,43.16336945167476,9.2645132015501,6.576334163850402,2018-12-31
-91.04206014747538,34.086034535644565,1,19644,PurcellMG4,15-May,climate_change,1/1/1980,540,750,4359.854151166024,10726.293041348665,107,5,62,36,1326.0237299645323,766.8000028133392,3800.090009689331,32.859782592110015,21.66521748641263,27.26250003926132,33.19016397194784,1,0.9834426254522607,6.168911804368583,12.337823608737166,23.627716627395515,528.9573241510886,132.63939290923247,109.65857771320307,5.652932538305979,2019-12-31
-91.04206014747538,34.086034535644565,1,19644,PurcellMG4,15-May,climate_change,1/1/1980,540,750,4206.415223958242,10870.13511592117,106,5,64,38,1272.9929391260582,946.6499993801117,3743.2299931049347,31.235326186470363,20.525543481111526,25.880434833790947,34.1459017581627,0.9905449567571603,0.9662295060079604,6.168911804368583,12.337823608737166,23.627716627395515,525.289857891907,98.54928349462153,352.4423166328569,4.308609150983914,2020-12-31
-90.25953385772954,35.05771131032115,1,11615,PurcellMG4,15-May,climate_change,1/1/1980,540,750,4159.673834771624,9862.270968464243,113,4,64,37,1547.3844088930298,582.4299969673157,3887.9099957942963,33.26630435819211,21.346739126288373,27.306521742240243,35.56065575021212,0.9721856197232043,0.9063934591949966,6.168911804368583,12.337823608737166,23.627716627395515,556.410460166141,130.8933889827577,71.01573590933923,5.485383625496322,2015-12-31
-90.25953385772954,35.05771131032115,1,11615,PurcellMG4,15-May,climate_change,1/1/1980,540,750,3927.568646508498,9366.693825600327,111,6,68,39,1339.7628744200529,596.3599970340729,3725.4100017547607,32.83641296884288,21.88804348655369,27.362228227698285,36.01639338008693,0.9600059640120036,0.8938524621431944,6.168911804368583,12.337823608737166,23.627716627395515,530.347271116566,137.802909486082,70.46053581896928,5.317508342603771,2016-12-31
-90.25953385772954,35.05771131032115,1,11615,PurcellMG4,15-May,climate_change,1/1/1980,540,750,4302.414661478002,10804.288238855097,106,4,64,37,1261.4494869419693,658.6000003814697,3722.700005531311,31.6913044763648,20.694021686263707,26.192663081314254,33.76721325858695,0.9819375390132385,0.9733606588645057,6.168911804368583,12.337823608737166,23.627716627395515,505.5353683305707,88.16864541390723,173.8204662489431,5.605573207925409,2017-12-31
-90.25953385772954,35.05771131032115,1,11615,PurcellMG4,15-May,climate_change,1/1/1980,540,750,4077.0509496505933,9821.608422043326,111,5,66,38,1403.0209015136359,380.96999645233154,3849.6399993896484,33.17826095871303,21.80706521674343,27.492663087728232,35.9639346951344,0.9713960763598694,0.9154098354402136,6.168911804368583,12.337823608737166,23.627716627395515,567.530113408141,43.16336945167476,9.2645132015501,6.576334163850402,2018-12-31
-90.25953385772954,35.05771131032115,1,11615,PurcellMG4,15-May,climate_change,1/1/1980,540,750,4359.854151166024,10726.293041348665,107,5,62,36,1326.0237299645323,766.8000028133392,3800.090009689331,32.859782592110015,21.66521748641263,27.26250003926132,33.19016397194784,1,0.9834426254522607,6.168911804368583,12.337823608737166,23.627716627395515,528.9573241510886,132.63939290923247,109.65857771320307,5.652932538305979,2019-12-31
-90.25953385772954,35.05771131032115,1,11615,PurcellMG4,15-May,climate_change,1/1/1980,540,750,4206.415223958242,10870.13511592117,106,5,64,38,1272.9929391260582,946.6499993801117,3743.2299931049347,31.235326186470363,20.525543481111526,25.880434833790947,34.1459017581627,0.9905449567571603,0.9662295060079604,6.168911804368583,12.337823608737166,23.627716627395515,525.289857891907,98.54928349462153,352.4423166328569,4.308609150983914,2020-12-31
-91.27144920931379,35.7066116349121,1,6744,PurcellMG4,15-May,climate_change,1/1/1980,540,750,4159.673834771624,9862.270968464243,113,4,64,37,1547.3844088930298,582.4299969673157,3887.9099957942963,33.26630435819211,21.346739126288373,27.306521742240243,35.56065575021212,0.9721856197232043,0.9063934591949966,6.168911804368583,12.337823608737166,23.627716627395515,556.410460166141,130.8933889827577,71.01573590933923,5.485383625496322,2015-12-31
-91.27144920931379,35.7066116349121,1,6744,PurcellMG4,15-May,climate_change,1/1/1980,540,750,3927.568646508498,9366.693825600327,111,6,68,39,1339.7628744200529,596.3599970340729,3725.4100017547607,32.83641296884288,21.88804348655369,27.362228227698285,36.01639338008693,0.9600059640120036,0.8938524621431944,6.168911804368583,12.337823608737166,23.627716627395515,530.347271116566,137.802909486082,70.46053581896928,5.317508342603771,2016-12-31
-91.27144920931379,35.7066116349121,1,6744,PurcellMG4,15-May,climate_change,1/1/1980,540,750,4302.414661478002,10804.288238855097,106,4,64,37,1261.4494869419693,658.6000003814697,3722.700005531311,31.6913044763648,20.694021686263707,26.192663081314254,33.76721325858695,0.9819375390132385,0.9733606588645057,6.168911804368583,12.337823608737166,23.627716627395515,505.5353683305707,88.16864541390723,173.8204662489431,5.605573207925409,2017-12-31
-91.27144920931379,35.7066116349121,1,6744,PurcellMG4,15-May,climate_change,1/1/1980,540,750,4077.0509496505933,9821.608422043326,111,5,66,38,1403.0209015136359,380.96999645233154,3849.6399993896484,33.17826095871303,21.80706521674343,27.492663087728232,35.9639346951344,0.9713960763598694,0.9154098354402136,6.168911804368583,12.337823608737166,23.627716627395515,567.530113408141,43.16336945167476,9.2645132015501,6.576334163850402,2018-12-31
-91.27144920931379,35.7066116349121,1,6744,PurcellMG4,15-May,climate_change,1/1/1980,540,750,4359.854151166024,10726.293041348665,107,5,62,36,1326.0237299645323,766.8000028133392,3800.090009689331,32.859782592110015,21.66521748641263,27.26250003926132,33.19016397194784,1,0.9834426254522607,6.168911804368583,12.337823608737166,23.627716627395515,528.9573241510886,132.63939290923247,109.65857771320307,5.652932538305979,2019-12-31
-91.27144920931379,35.7066116349121,1,6744,PurcellMG4,15-May,climate_change,1/1/1980,540,750,4206.415223958242,10870.13511592117,106,5,64,38,1272.9929391260582,946.6499993801117,3743.2299931049347,31.235326186470363,20.525543481111526,25.880434833790947,34.1459017581627,0.9905449567571603,0.9662295060079604,6.168911804368583,12.337823608737166,23.627716627395515,525.289857891907,98.54928349462153,352.4423166328569,4.308609150983914,2020-12-31
-91.19215908461389,35.636344474262884,1,7284,PurcellMG4,15-May,climate_change,1/1/1980,540,750,4159.673834771624,9862.270968464243,113,4,64,37,1547.3844088930298,582.4299969673157,3887.9099957942963,33.26630435819211,21.346739126288373,27.306521742240243,35.56065575021212,0.9721856197232043,0.9063934591949966,6.168911804368583,12.337823608737166,23.627716627395515,556.410460166141,130.8933889827577,71.01573590933923,5.485383625496322,2015-12-31
-91.19215908461389,35.636344474262884,1,7284,PurcellMG4,15-May,climate_change,1/1/1980,540,750,3927.568646508498,9366.693825600327,111,6,68,39,1339.7628744200529,596.3599970340729,3725.4100017547607,32.83641296884288,21.88804348655369,27.362228227698285,36.01639338008693,0.9600059640120036,0.8938524621431944,6.168911804368583,12.337823608737166,23.627716627395515,530.347271116566,137.802909486082,70.46053581896928,5.317508342603771,2016-12-31
-91.19215908461389,35.636344474262884,1,7284,PurcellMG4,15-May,climate_change,1/1/1980,540,750,4302.414661478002,10804.288238855097,106,4,64,37,1261.4494869419693,658.6000003814697,3722.700005531311,31.6913044763648,20.694021686263707,26.192663081314254,33.76721325858695,0.9819375390132385,0.9733606588645057,6.168911804368583,12.337823608737166,23.627716627395515,505.5353683305707,88.16864541390723,173.8204662489431,5.605573207925409,2017-12-31
-91.19215908461389,35.636344474262884,1,7284,PurcellMG4,15-May,climate_change,1/1/1980,540,750,4077.0509496505933,9821.608422043326,111,5,66,38,1403.0209015136359,380.96999645233154,3849.6399993896484,33.17826095871303,21.80706521674343,27.492663087728232,35.9639346951344,0.9713960763598694,0.9154098354402136,6.168911804368583,12.337823608737166,23.627716627395515,567.530113408141,43.16336945167476,9.2645132015501,6.576334163850402,2018-12-31
-91.19215908461389,35.636344474262884,1,7284,PurcellMG4,15-May,climate_change,1/1/1980,540,750,4359.854151166024,10726.293041348665,107,5,62,36,1326.0237299645323,766.8000028133392,3800.090009689331,32.859782592110015,21.66521748641263,27.26250003926132,33.19016397194784,1,0.9834426254522607,6.168911804368583,12.337823608737166,23.627716627395515,528.9573241510886,132.63939290923247,109.65857771320307,5.652932538305979,2019-12-31
-91.19215908461389,35.636344474262884,1,7284,PurcellMG4,15-May,climate_change,1/1/1980,540,750,4206.415223958242,10870.13511592117,106,5,64,38,1272.9929391260582,946.6499993801117,3743.2299931049347,31.235326186470363,20.525543481111526,25.880434833790947,34.1459017581627,0.9905449567571603,0.9662295060079604,6.168911804368583,12.337823608737166,23.627716627395515,525.289857891907,98.54928349462153,352.4423166328569,4.308609150983914,2020-12-31
-89.91651186466785,35.89089528883186,1,4823,PurcellMG4,15-May,climate_change,1/1/1980,540,750,4159.673834771624,9862.270968464243,113,4,64,37,1547.3844088930298,582.4299969673157,3887.9099957942963,33.26630435819211,21.346739126288373,27.306521742240243,35.56065575021212,0.9721856197232043,0.9063934591949966,6.168911804368583,12.337823608737166,23.627716627395515,556.410460166141,130.8933889827577,71.01573590933923,5.485383625496322,2015-12-31
-89.91651186466785,35.89089528883186,1,4823,PurcellMG4,15-May,climate_change,1/1/1980,540,750,3927.568646508498,9366.693825600327,111,6,68,39,1339.7628744200529,596.3599970340729,3725.4100017547607,32.83641296884288,21.88804348655369,27.362228227698285,36.01639338008693,0.9600059640120036,0.8938524621431944,6.168911804368583,12.337823608737166,23.627716627395515,530.347271116566,137.802909486082,70.46053581896928,5.317508342603771,2016-12-31
-89.91651186466785,35.89089528883186,1,4823,PurcellMG4,15-May,climate_change,1/1/1980,540,750,4302.414661478002,10804.288238855097,106,4,64,37,1261.4494869419693,658.6000003814697,3722.700005531311,31.6913044763648,20.694021686263707,26.192663081314254,33.76721325858695,0.9819375390132385,0.9733606588645057,6.168911804368583,12.337823608737166,23.627716627395515,505.5353683305707,88.16864541390723,173.8204662489431,5.605573207925409,2017-12-31
-89.91651186466785,35.89089528883186,1,4823,PurcellMG4,15-May,climate_change,1/1/1980,540,750,4077.0509496505933,9821.608422043326,111,5,66,38,1403.0209015136359,380.96999645233154,3849.6399993896484,33.17826095871303,21.80706521674343,27.492663087728232,35.9639346951344,0.9713960763598694,0.9154098354402136,6.168911804368583,12.337823608737166,23.627716627395515,567.530113408141,43.16336945167476,9.2645132015501,6.576334163850402,2018-12-31
-89.91651186466785,35.89089528883186,1,4823,PurcellMG4,15-May,climate_change,1/1/1980,540,750,4359.854151166024,10726.293041348665,107,5,62,36,1326.0237299645323,766.8000028133392,3800.090009689331,32.859782592110015,21.66521748641263,27.26250003926132,33.19016397194784,1,0.9834426254522607,6.168911804368583,12.337823608737166,23.627716627395515,528.9573241510886,132.63939290923247,109.65857771320307,5.652932538305979,2019-12-31
-89.91651186466785,35.89089528883186,1,4823,PurcellMG4,15-May,climate_change,1/1/1980,540,750,4206.415223958242,10870.13511592117,106,5,64,38,1272.9929391260582,946.6499993801117,3743.2299931049347,31.235326186470363,20.525543481111526,25.880434833790947,34.1459017581627,0.9905449567571603,0.9662295060079604,6.168911804368583,12.337823608737166,23.627716627395515,525.289857891907,98.54928349462153,352.4423166328569,4.308609150983914,2020-12-31
-90.66417255077471,35.21105027824701,1,10526,PurcellMG4,15-May,climate_change,1/1/1980,540,750,4159.673834771624,9862.270968464243,113,4,64,37,1547.3844088930298,582.4299969673157,3887.9099957942963,33.26630435819211,21.346739126288373,27.306521742240243,35.56065575021212,0.9721856197232043,0.9063934591949966,6.168911804368583,12.337823608737166,23.627716627395515,556.410460166141,130.8933889827577,71.01573590933923,5.485383625496322,2015-12-31
-90.66417255077471,35.21105027824701,1,10526,PurcellMG4,15-May,climate_change,1/1/1980,540,750,3927.568646508498,9366.693825600327,111,6,68,39,1339.7628744200529,596.3599970340729,3725.4100017547607,32.83641296884288,21.88804348655369,27.362228227698285,36.01639338008693,0.9600059640120036,0.8938524621431944,6.168911804368583,12.337823608737166,23.627716627395515,530.347271116566,137.802909486082,70.46053581896928,5.317508342603771,2016-12-31
-90.66417255077471,35.21105027824701,1,10526,PurcellMG4,15-May,climate_change,1/1/1980,540,750,4302.414661478002,10804.288238855097,106,4,64,37,1261.4494869419693,658.6000003814697,3722.700005531311,31.6913044763648,20.694021686263707,26.192663081314254,33.76721325858695,0.9819375390132385,0.9733606588645057,6.168911804368583,12.337823608737166,23.627716627395515,505.5353683305707,88.16864541390723,173.8204662489431,5.605573207925409,2017-12-31
-90.66417255077471,35.21105027824701,1,10526,PurcellMG4,15-May,climate_change,1/1/1980,540,750,4077.0509496505933,9821.608422043326,111,5,66,38,1403.0209015136359,380.96999645233154,3849.6399993896484,33.17826095871303,21.80706521674343,27.492663087728232,35.9639346951344,0.9713960763598694,0.9154098354402136,6.168911804368583,12.337823608737166,23.627716627395515,567.530113408141,43.16336945167476,9.2645132015501,6.576334163850402,2018-12-31
-90.66417255077471,35.21105027824701,1,10526,PurcellMG4,15-May,climate_change,1/1/1980,540,750,4359.854151166024,10726.293041348665,107,5,62,36,1326.0237299645323,766.8000028133392,3800.090009689331,32.859782592110015,21.66521748641263,27.26250003926132,33.19016397194784,1,0.9834426254522607,6.168911804368583,12.337823608737166,23.627716627395515,528.9573241510886,132.63939290923247,109.65857771320307,5.652932538305979,2019-12-31
-90.66417255077471,35.21105027824701,1,10526,PurcellMG4,15-May,climate_change,1/1/1980,540,750,4206.415223958242,10870.13511592117,106,5,64,38,1272.9929391260582,946.6499993801117,3743.2299931049347,31.235326186470363,20.525543481111526,25.880434833790947,34.1459017581627,0.9905449567571603,0.9662295060079604,6.168911804368583,12.337823608737166,23.627716627395515,525.289857891907,98.54928349462153,352.4423166328569,4.308609150983914,2020-12-31
-91.5524336062921,34.24108141634972,1,18551,PurcellMG4,15-May,climate_change,1/1/1980,540,750,4159.673834771624,9862.270968464243,113,4,64,37,1547.3844088930298,582.4299969673157,3887.9099957942963,33.26630435819211,21.346739126288373,27.306521742240243,35.56065575021212,0.9721856197232043,0.9063934591949966,6.168911804368583,12.337823608737166,23.627716627395515,556.410460166141,130.8933889827577,71.01573590933923,5.485383625496322,2015-12-31
-91.5524336062921,34.24108141634972,1,18551,PurcellMG4,15-May,climate_change,1/1/1980,540,750,3927.568646508498,9366.693825600327,111,6,68,39,1339.7628744200529,596.3599970340729,3725.4100017547607,32.83641296884288,21.88804348655369,27.362228227698285,36.01639338008693,0.9600059640120036,0.8938524621431944,6.168911804368583,12.337823608737166,23.627716627395515,530.347271116566,137.802909486082,70.46053581896928,5.317508342603771,2016-12-31
-91.5524336062921,34.24108141634972,1,18551,PurcellMG4,15-May,climate_change,1/1/1980,540,750,4302.414661478002,10804.288238855097,106,4,64,37,1261.4494869419693,658.6000003814697,3722.700005531311,31.6913044763648,20.694021686263707,26.192663081314254,33.76721325858695,0.9819375390132385,0.9733606588645057,6.168911804368583,12.337823608737166,23.627716627395515,505.5353683305707,88.16864541390723,173.8204662489431,5.605573207925409,2017-12-31
-91.5524336062921,34.24108141634972,1,18551,PurcellMG4,15-May,climate_change,1/1/1980,540,750,4077.0509496505933,9821.608422043326,111,5,66,38,1403.0209015136359,380.96999645233154,3849.6399993896484,33.17826095871303,21.80706521674343,27.492663087728232,35.9639346951344,0.9713960763598694,0.9154098354402136,6.168911804368583,12.337823608737166,23.627716627395515,567.530113408141,43.16336945167476,9.2645132015501,6.576334163850402,2018-12-31
-91.5524336062921,34.24108141634972,1,18551,PurcellMG4,15-May,climate_change,1/1/1980,540,750,4359.854151166024,10726.293041348665,107,5,62,36,1326.0237299645323,766.8000028133392,3800.090009689331,32.859782592110015,21.66521748641263,27.26250003926132,33.19016397194784,1,0.9834426254522607,6.168911804368583,12.337823608737166,23.627716627395515,528.9573241510886,132.63939290923247,109.65857771320307,5.652932538305979,2019-12-31
-91.5524336062921,34.24108141634972,1,18551,PurcellMG4,15-May,climate_change,1/1/1980,540,750,4206.415223958242,10870.13511592117,106,5,64,38,1272.9929391260582,946.6499993801117,3743.2299931049347,31.235326186470363,20.525543481111526,25.880434833790947,34.1459017581627,0.9905449567571603,0.9662295060079604,6.168911804368583,12.337823608737166,23.627716627395515,525.289857891907,98.54928349462153,352.4423166328569,4.308609150983914,2020-12-31
-90.93705164442795,36.117603762561586,1,3354,PurcellMG4,15-May,climate_change,1/1/1980,540,750,4159.673834771624,9862.270968464243,113,4,64,37,1547.3844088930298,582.4299969673157,3887.9099957942963,33.26630435819211,21.346739126288373,27.306521742240243,35.56065575021212,0.9721856197232043,0.9063934591949966,6.168911804368583,12.337823608737166,23.627716627395515,556.410460166141,130.8933889827577,71.01573590933923,5.485383625496322,2015-12-31
-90.93705164442795,36.117603762561586,1,3354,PurcellMG4,15-May,climate_change,1/1/1980,540,750,3927.568646508498,9366.693825600327,111,6,68,39,1339.7628744200529,596.3599970340729,3725.4100017547607,32.83641296884288,21.88804348655369,27.362228227698285,36.01639338008693,0.9600059640120036,0.8938524621431944,6.168911804368583,12.337823608737166,23.627716627395515,530.347271116566,137.802909486082,70.46053581896928,5.317508342603771,2016-12-31
-90.93705164442795,36.117603762561586,1,3354,PurcellMG4,15-May,climate_change,1/1/1980,540,750,4302.414661478002,10804.288238855097,106,4,64,37,1261.4494869419693,658.6000003814697,3722.700005531311,31.6913044763648,20.694021686263707,26.192663081314254,33.76721325858695,0.9819375390132385,0.9733606588645057,6.168911804368583,12.337823608737166,23.627716627395515,505.5353683305707,88.16864541390723,173.8204662489431,5.605573207925409,2017-12-31
-90.93705164442795,36.117603762561586,1,3354,PurcellMG4,15-May,climate_change,1/1/1980,540,750,4077.0509496505933,9821.608422043326,111,5,66,38,1403.0209015136359,380.96999645233154,3849.6399993896484,33.17826095871303,21.80706521674343,27.492663087728232,35.9639346951344,0.9713960763598694,0.9154098354402136,6.168911804368583,12.337823608737166,23.627716627395515,567.530113408141,43.16336945167476,9.2645132015501,6.576334163850402,2018-12-31
-90.93705164442795,36.117603762561586,1,3354,PurcellMG4,15-May,climate_change,1/1/1980,540,750,4359.854151166024,10726.293041348665,107,5,62,36,1326.0237299645323,766.8000028133392,3800.090009689331,32.859782592110015,21.66521748641263,27.26250003926132,33.19016397194784,1,0.9834426254522607,6.168911804368583,12.337823608737166,23.627716627395515,528.9573241510886,132.63939290923247,109.65857771320307,5.652932538305979,2019-12-31
-90.93705164442795,36.117603762561586,1,3354,PurcellMG4,15-May,climate_change,1/1/1980,540,750,4206.415223958242,10870.13511592117,106,5,64,38,1272.9929391260582,946.6499993801117,3743.2299931049347,31.235326186470363,20.525543481111526,25.880434833790947,34.1459017581627,0.9905449567571603,0.9662295060079604,6.168911804368583,12.337823608737166,23.627716627395515,525.289857891907,98.54928349462153,352.4423166328569,4.308609150983914,2020-12-31
-91.54689264517046,33.860189645683576,1,21595,PurcellMG4,15-May,climate_change,1/1/1980,540,750,4159.673834771624,9862.270968464243,113,4,64,37,1547.3844088930298,582.4299969673157,3887.9099957942963,33.26630435819211,21.346739126288373,27.306521742240243,35.56065575021212,0.9721856197232043,0.9063934591949966,6.168911804368583,12.337823608737166,23.627716627395515,556.410460166141,130.8933889827577,71.01573590933923,5.485383625496322,2015-12-31
-91.54689264517046,33.860189645683576,1,21595,PurcellMG4,15-May,climate_change,1/1/1980,540,750,3927.568646508498,9366.693825600327,111,6,68,39,1339.7628744200529,596.3599970340729,3725.4100017547607,32.83641296884288,21.88804348655369,27.362228227698285,36.01639338008693,0.9600059640120036,0.8938524621431944,6.168911804368583,12.337823608737166,23.627716627395515,530.347271116566,137.802909486082,70.46053581896928,5.317508342603771,2016-12-31
-91.54689264517046,33.860189645683576,1,21595,PurcellMG4,15-May,climate_change,1/1/1980,540,750,4302.414661478002,10804.288238855097,106,4,64,37,1261.4494869419693,658.6000003814697,3722.700005531311,31.6913044763648,20.694021686263707,26.192663081314254,33.76721325858695,0.9819375390132385,0.9733606588645057,6.168911804368583,12.337823608737166,23.627716627395515,505.5353683305707,88.16864541390723,173.8204662489431,5.605573207925409,2017-12-31
-91.54689264517046,33.860189645683576,1,21595,PurcellMG4,15-May,climate_change,1/1/1980,540,750,4077.0509496505933,9821.608422043326,111,5,66,38,1403.0209015136359,380.96999645233154,3849.6399993896484,33.17826095871303,21.80706521674343,27.492663087728232,35.9639346951344,0.9713960763598694,0.9154098354402136,6.168911804368583,12.337823608737166,23.627716627395515,567.530113408141,43.16336945167476,9.2645132015501,6.576334163850402,2018-12-31
-91.54689264517046,33.860189645683576,1,21595,PurcellMG4,15-May,climate_change,1/1/1980,540,750,4359.854151166024,10726.293041348665,107,5,62,36,1326.0237299645323,766.8000028133392,3800.090009689331,32.859782592110015,21.66521748641263,27.26250003926132,33.19016397194784,1,0.9834426254522607,6.168911804368583,12.337823608737166,23.627716627395515,528.9573241510886,132.63939290923247,109.65857771320307,5.652932538305979,2019-12-31
-91.54689264517046,33.860189645683576,1,21595,PurcellMG4,15-May,climate_change,1/1/1980,540,750,4206.415223958242,10870.13511592117,106,5,64,38,1272.9929391260582,946.6499993801117,3743.2299931049347,31.235326186470363,20.525543481111526,25.880434833790947,34.1459017581627,0.9905449567571603,0.9662295060079604,6.168911804368583,12.337823608737166,23.627716627395515,525.289857891907,98.54928349462153,352.4423166328569,4.308609150983914,2020-12-31
-91.0134875334247,34.95788990364149,1,12662,PurcellMG4,15-Apr,early_sowing,1/1/1980,540,750,4272.605357224112,11112.602945555605,122,7,65,39,1448.2010633938478,582.4299969673157,3887.9099957942963,33.26630435819211,21.346739126288373,27.306521742240243,35.56065575021212,0.9072932824072001,0.9063934591949966,6.168911804368583,12.337823608737166,23.627716627395515,604.0763552848762,155.66327644571953,196.67543219809428,4.467312904580805,2015-12-31
-91.0134875334247,34.95788990364149,1,12662,PurcellMG4,15-Apr,early_sowing,1/1/1980,540,750,4279.623307578042,10999.301127153009,121,6,65,38,1468.0610597397122,596.3599970340729,3725.4100017547607,32.83641296884288,21.88804348655369,27.362228227698285,36.01639338008693,0.8633337186989836,0.8938524621431944,6.168911804368583,12.337823608737166,23.627716627395515,570.5819351640325,145.41004212393764,128.19466824022092,5.069522634891204,2016-12-31
-91.0134875334247,34.95788990364149,1,12662,PurcellMG4,15-Apr,early_sowing,1/1/1980,540,750,4414.022312382025,11415.145724897688,116,5,65,38,1348.825305665953,658.6000003814697,3722.700005531311,31.6913044763648,20.694021686263707,26.192663081314254,33.76721325858695,0.8854707684839509,0.9733606588645057,6.168911804368583,12.337823608737166,23.627716627395515,522.8469293892337,101.52425738447809,168.89366742990893,5.564373977986681,2017-12-31
-91.0134875334247,34.95788990364149,1,12662,PurcellMG4,15-Apr,early_sowing,1/1/1980,540,750,4238.332056952807,10718.454252812582,120,9,67,39,1511.1443647595313,380.96999645233154,3849.6399993896484,33.17826095871303,21.80706521674343,27.492663087728232,35.9639346951344,0.7439413680189382,0.9154098354402136,6.168911804368583,12.337823608737166,23.627716627395515,566.2958580356511,80.0111557662719,15.219732375908663,6.406894477722989,2018-12-31
-91.0134875334247,34.95788990364149,1,12662,PurcellMG4,15-Apr,early_sowing,1/1/1980,540,750,4436.135408043439,11548.427765463375,115,7,63,37,1312.6024540490523,766.8000028133392,3800.090009689331,32.859782592110015,21.66521748641263,27.26250003926132,33.19016397194784,0.9483542384281757,0.9834426254522607,6.168911804368583,12.337823608737166,23.627716627395515,549.2157761937304,125.77005092982846,249.47150448813866,4.798637272214054,2019-12-31
-91.0134875334247,34.95788990364149,1,12662,PurcellMG4,15-Apr,early_sowing,1/1/1980,540,750,4510.932521869986,11708.469839189693,118,8,68,40,1352.8207072807675,946.6499993801117,3743.2299931049347,31.235326186470363,20.525543481111526,25.880434833790947,34.1459017581627,0.9328673104921955,0.9662295060079604,6.168911804368583,12.337823608737166,23.627716627395515,570.5651233187401,122.17636075749321,317.69675251535045,4.464332760294474,2020-12-31
-91.04206014747538,34.086034535644565,1,19644,PurcellMG4,15-Apr,early_sowing,1/1/1980,540,750,4272.605357224112,11112.602945555605,122,7,65,39,1448.2010633938478,582.4299969673157,3887.9099957942963,33.26630435819211,21.346739126288373,27.306521742240243,35.56065575021212,0.9072932824072001,0.9063934591949966,6.168911804368583,12.337823608737166,23.627716627395515,604.0763552848762,155.66327644571953,196.67543219809428,4.467312904580805,2015-12-31
-91.04206014747538,34.086034535644565,1,19644,PurcellMG4,15-Apr,early_sowing,1/1/1980,540,750,4279.623307578042,10999.301127153009,121,6,65,38,1468.0610597397122,596.3599970340729,3725.4100017547607,32.83641296884288,21.88804348655369,27.362228227698285,36.01639338008693,0.8633337186989836,0.8938524621431944,6.168911804368583,12.337823608737166,23.627716627395515,570.5819351640325,145.41004212393764,128.19466824022092,5.069522634891204,2016-12-31
-91.04206014747538,34.086034535644565,1,19644,PurcellMG4,15-Apr,early_sowing,1/1/1980,540,750,4414.022312382025,11415.145724897688,116,5,65,38,1348.825305665953,658.6000003814697,3722.700005531311,31.6913044763648,20.694021686263707,26.192663081314254,33.76721325858695,0.8854707684839509,0.9733606588645057,6.168911804368583,12.337823608737166,23.627716627395515,522.8469293892337,101.52425738447809,168.89366742990893,5.564373977986681,2017-12-31
-91.04206014747538,34.086034535644565,1,19644,PurcellMG4,15-Apr,early_sowing,1/1/1980,540,750,4238.332056952807,10718.454252812582,120,9,67,39,1511.1443647595313,380.96999645233154,3849.6399993896484,33.17826095871303,21.80706521674343,27.492663087728232,35.9639346951344,0.7439413680189382,0.9154098354402136,6.168911804368583,12.337823608737166,23.627716627395515,566.2958580356511,80.0111557662719,15.219732375908663,6.406894477722989,2018-12-31
-91.04206014747538,34.086034535644565,1,19644,PurcellMG4,15-Apr,early_sowing,1/1/1980,540,750,4436.135408043439,11548.427765463375,115,7,63,37,1312.6024540490523,766.8000028133392,3800.090009689331,32.859782592110015,21.66521748641263,27.26250003926132,33.19016397194784,0.9483542384281757,0.9834426254522607,6.168911804368583,12.337823608737166,23.627716627395515,549.2157761937304,125.77005092982846,249.47150448813866,4.798637272214054,2019-12-31
-91.04206014747538,34.086034535644565,1,19644,PurcellMG4,15-Apr,early_sowing,1/1/1980,540,750,4510.932521869986,11708.469839189693,118,8,68,40,1352.8207072807675,946.6499993801117,3743.2299931049347,31.235326186470363,20.525543481111526,25.880434833790947,34.1459017581627,0.9328673104921955,0.9662295060079604,6.168911804368583,12.337823608737166,23.627716627395515,570.5651233187401,122.17636075749321,317.69675251535045,4.464332760294474,2020-12-31
-90.25953385772954,35.05771131032115,1,11615,PurcellMG4,15-Apr,early_sowing,1/1/1980,540,750,4272.605357224112,11112.602945555605,122,7,65,39,1448.2010633938478,582.4299969673157,3887.9099957942963,33.26630435819211,21.346739126288373,27.306521742240243,35.56065575021212,0.9072932824072001,0.9063934591949966,6.168911804368583,12.337823608737166,23.627716627395515,604.0763552848762,155.66327644571953,196.67543219809428,4.467312904580805,2015-12-31
-90.25953385772954,35.05771131032115,1,11615,PurcellMG4,15-Apr,early_sowing,1/1/1980,540,750,4279.623307578042,10999.301127153009,121,6,65,38,1468.0610597397122,596.3599970340729,3725.4100017547607,32.83641296884288,21.88804348655369,27.362228227698285,36.01639338008693,0.8633337186989836,0.8938524621431944,6.168911804368583,12.337823608737166,23.627716627395515,570.5819351640325,145.41004212393764,128.19466824022092,5.069522634891204,2016-12-31
-90.25953385772954,35.05771131032115,1,11615,PurcellMG4,15-Apr,early_sowing,1/1/1980,540,750,4414.022312382025,11415.145724897688,116,5,65,38,1348.825305665953,658.6000003814697,3722.700005531311,31.6913044763648,20.694021686263707,26.192663081314254,33.76721325858695,0.8854707684839509,0.9733606588645057,6.168911804368583,12.337823608737166,23.627716627395515,522.8469293892337,101.52425738447809,168.89366742990893,5.564373977986681,2017-12-31
-90.25953385772954,35.05771131032115,1,11615,PurcellMG4,15-Apr,early_sowing,1/1/1980,540,750,4238.332056952807,10718.454252812582,120,9,67,39,1511.1443647595313,380.96999645233154,3849.6399993896484,33.17826095871303,21.80706521674343,27.492663087728232,35.9639346951344,0.7439413680189382,0.9154098354402136,6.168911804368583,12.337823608737166,23.627716627395515,566.2958580356511,80.0111557662719,15.219732375908663,6.406894477722989,2018-12-31
-90.25953385772954,35.05771131032115,1,11615,PurcellMG4,15-Apr,early_sowing,1/1/1980,540,750,4436.135408043439,11548.427765463375,115,7,63,37,1312.6024540490523,766.8000028133392,3800.090009689331,32.859782592110015,21.66521748641263,27.26250003926132,33.19016397194784,0.9483542384281757,0.9834426254522607,6.168911804368583,12.337823608737166,23.627716627395515,549.2157761937304,125.77005092982846,249.47150448813866,4.798637272214054,2019-12-31
-90.25953385772954,35.05771131032115,1,11615,PurcellMG4,15-Apr,early_sowing,1/1/1980,540,750,4510.932521869986,11708.469839189693,118,8,68,40,1352.8207072807675,946.6499993801117,3743.2299931049347,31.235326186470363,20.525543481111526,25.880434833790947,34.1459017581627,0.9328673104921955,0.9662295060079604,6.168911804368583,12.337823608737166,23.627716627395515,570.5651233187401,122.17636075749321,317.69675251535045,4.464332760294474,2020-12-31
-91.27144920931379,35.7066116349121,1,6744,PurcellMG4,15-Apr,early_sowing,1/1/1980,540,750,4272.605357224112,11112.602945555605,122,7,65,39,1448.2010633938478,582.4299969673157,3887.9099957942963,33.26630435819211,21.346739126288373,27.306521742240243,35.56065575021212,0.9072932824072001,0.9063934591949966,6.168911804368583,12.337823608737166,23.627716627395515,604.0763552848762,155.66327644571953,196.67543219809428,4.467312904580805,2015-12-31
-91.27144920931379,35.7066116349121,1,6744,PurcellMG4,15-Apr,early_sowing,1/1/1980,540,750,4279.623307578042,10999.301127153009,121,6,65,38,1468.0610597397122,596.3599970340729,3725.4100017547607,32.83641296884288,21.88804348655369,27.362228227698285,36.01639338008693,0.8633337186989836,0.8938524621431944,6.168911804368583,12.337823608737166,23.627716627395515,570.5819351640325,145.41004212393764,128.19466824022092,5.069522634891204,2016-12-31
-91.27144920931379,35.7066116349121,1,6744,PurcellMG4,15-Apr,early_sowing,1/1/1980,540,750,4414.022312382025,11415.145724897688,116,5,65,38,1348.825305665953,658.6000003814697,3722.700005531311,31.6913044763648,20.694021686263707,26.192663081314254,33.76721325858695,0.8854707684839509,0.9733606588645057,6.168911804368583,12.337823608737166,23.627716627395515,522.8469293892337,101.52425738447809,168.89366742990893,5.564373977986681,2017-12-31
-91.27144920931379,35.7066116349121,1,6744,PurcellMG4,15-Apr,early_sowing,1/1/1980,540,750,4238.332056952807,10718.454252812582,120,9,67,39,1511.1443647595313,380.96999645233154,3849.6399993896484,33.17826095871303,21.80706521674343,27.492663087728232,35.9639346951344,0.7439413680189382,0.9154098354402136,6.168911804368583,12.337823608737166,23.627716627395515,566.2958580356511,80.0111557662719,15.219732375908663,6.406894477722989,2018-12-31
-91.27144920931379,35.7066116349121,1,6744,PurcellMG4,15-Apr,early_sowing,1/1/1980,540,750,4436.135408043439,11548.427765463375,115,7,63,37,1312.6024540490523,766.8000028133392,3800.090009689331,32.859782592110015,21.66521748641263,27.26250003926132,33.19016397194784,0.9483542384281757,0.9834426254522607,6.168911804368583,12.337823608737166,23.627716627395515,549.2157761937304,125.77005092982846,249.47150448813866,4.798637272214054,2019-12-31
-91.27144920931379,35.7066116349121,1,6744,PurcellMG4,15-Apr,early_sowing,1/1/1980,540,750,4510.932521869986,11708.469839189693,118,8,68,40,1352.8207072807675,946.6499993801117,3743.2299931049347,31.235326186470363,20.525543481111526,25.880434833790947,34.1459017581627,0.9328673104921955,0.9662295060079604,6.168911804368583,12.337823608737166,23.627716627395515,570.5651233187401,122.17636075749321,317.69675251535045,4.464332760294474,2020-12-31
-91.19215908461389,35.636344474262884,1,7284,PurcellMG4,15-Apr,early_sowing,1/1/1980,540,750,4272.605357224112,11112.602945555605,122,7,65,39,1448.2010633938478,582.4299969673157,3887.9099957942963,33.26630435819211,21.346739126288373,27.306521742240243,35.56065575021212,0.9072932824072001,0.9063934591949966,6.168911804368583,12.337823608737166,23.627716627395515,604.0763552848762,155.66327644571953,196.67543219809428,4.467312904580805,2015-12-31
-91.19215908461389,35.636344474262884,1,7284,PurcellMG4,15-Apr,early_sowing,1/1/1980,540,750,4279.623307578042,10999.301127153009,121,6,65,38,1468.0610597397122,596.3599970340729,3725.4100017547607,32.83641296884288,21.88804348655369,27.362228227698285,36.01639338008693,0.8633337186989836,0.8938524621431944,6.168911804368583,12.337823608737166,23.627716627395515,570.5819351640325,145.41004212393764,128.19466824022092,5.069522634891204,2016-12-31
-91.19215908461389,35.636344474262884,1,7284,PurcellMG4,15-Apr,early_sowing,1/1/1980,540,750,4414.022312382025,11415.145724897688,116,5,65,38,1348.825305665953,658.6000003814697,3722.700005531311,31.6913044763648,20.694021686263707,26.192663081314254,33.76721325858695,0.8854707684839509,0.9733606588645057,6.168911804368583,12.337823608737166,23.627716627395515,522.8469293892337,101.52425738447809,168.89366742990893,5.564373977986681,2017-12-31
-91.19215908461389,35.636344474262884,1,7284,PurcellMG4,15-Apr,early_sowing,1/1/1980,540,750,4238.332056952807,10718.454252812582,120,9,67,39,1511.1443647595313,380.96999645233154,3849.6399993896484,33.17826095871303,21.80706521674343,27.492663087728232,35.9639346951344,0.7439413680189382,0.9154098354402136,6.168911804368583,12.337823608737166,23.627716627395515,566.2958580356511,80.0111557662719,15.219732375908663,6.406894477722989,2018-12-31
-91.19215908461389,35.636344474262884,1,7284,PurcellMG4,15-Apr,early_sowing,1/1/1980,540,750,4436.135408043439,11548.427765463375,115,7,63,37,1312.6024540490523,766.8000028133392,3800.090009689331,32.859782592110015,21.66521748641263,27.26250003926132,33.19016397194784,0.9483542384281757,0.9834426254522607,6.168911804368583,12.337823608737166,23.627716627395515,549.2157761937304,125.77005092982846,249.47150448813866,4.798637272214054,2019-12-31
-91.19215908461389,35.636344474262884,1,7284,PurcellMG4,15-Apr,early_sowing,1/1/1980,540,750,4510.932521869986,11708.469839189693,118,8,68,40,1352.8207072807675,946.6499993801117,3743.2299931049347,31.235326186470363,20.525543481111526,25.880434833790947,34.1459017581627,0.9328673104921955,0.9662295060079604,6.168911804368583,12.337823608737166,23.627716627395515,570.5651233187401,122.17636075749321,317.69675251535045,4.464332760294474,2020-12-31
-89.91651186466785,35.89089528883186,1,4823,PurcellMG4,15-Apr,early_sowing,1/1/1980,540,750,4272.605357224112,11112.602945555605,122,7,65,39,1448.2010633938478,582.4299969673157,3887.9099957942963,33.26630435819211,21.346739126288373,27.306521742240243,35.56065575021212,0.9072932824072001,0.9063934591949966,6.168911804368583,12.337823608737166,23.627716627395515,604.0763552848762,155.66327644571953,196.67543219809428,4.467312904580805,2015-12-31
-89.91651186466785,35.89089528883186,1,4823,PurcellMG4,15-Apr,early_sowing,1/1/1980,540,750,4279.623307578042,10999.301127153009,121,6,65,38,1468.0610597397122,596.3599970340729,3725.4100017547607,32.83641296884288,21.88804348655369,27.362228227698285,36.01639338008693,0.8633337186989836,0.8938524621431944,6.168911804368583,12.337823608737166,23.627716627395515,570.5819351640325,145.41004212393764,128.19466824022092,5.069522634891204,2016-12-31
-89.91651186466785,35.89089528883186,1,4823,PurcellMG4,15-Apr,early_sowing,1/1/1980,540,750,4414.022312382025,11415.145724897688,116,5,65,38,1348.825305665953,658.6000003814697,3722.700005531311,31.6913044763648,20.694021686263707,26.192663081314254,33.76721325858695,0.8854707684839509,0.9733606588645057,6.168911804368583,12.337823608737166,23.627716627395515,522.8469293892337,101.52425738447809,168.89366742990893,5.564373977986681,2017-12-31
-89.91651186466785,35.89089528883186,1,4823,PurcellMG4,15-Apr,early_sowing,1/1/1980,540,750,4238.332056952807,10718.454252812582,120,9,67,39,1511.1443647595313,380.96999645233154,3849.6399993896484,33.17826095871303,21.80706521674343,27.492663087728232,35.9639346951344,0.7439413680189382,0.9154098354402136,6.168911804368583,12.337823608737166,23.627716627395515,566.2958580356511,80.0111557662719,15.219732375908663,6.406894477722989,2018-12-31
-89.91651186466785,35.89089528883186,1,4823,PurcellMG4,15-Apr,early_sowing,1/1/1980,540,750,4436.135408043439,11548.427765463375,115,7,63,37,1312.6024540490523,766.8000028133392,3800.090009689331,32.859782592110015,21.66521748641263,27.26250003926132,33.19016397194784,0.9483542384281757,0.9834426254522607,6.168911804368583,12.337823608737166,23.627716627395515,549.2157761937304,125.77005092982846,249.47150448813866,4.798637272214054,2019-12-31
-89.91651186466785,35.89089528883186,1,4823,PurcellMG4,15-Apr,early_sowing,1/1/1980,540,750,4510.932521869986,11708.469839189693,118,8,68,40,1352.8207072807675,946.6499993801117,3743.2299931049347,31.235326186470363,20.525543481111526,25.880434833790947,34.1459017581627,0.9328673104921955,0.9662295060079604,6.168911804368583,12.337823608737166,23.627716627395515,570.5651233187401,122.17636075749321,317.69675251535045,4.464332760294474,2020-12-31
-90.66417255077471,35.21105027824701,1,10526,PurcellMG4,15-Apr,early_sowing,1/1/1980,540,750,4272.605357224112,11112.602945555605,122,7,65,39,1448.2010633938478,582.4299969673157,3887.9099957942963,33.26630435819211,21.346739126288373,27.306521742240243,35.56065575021212,0.9072932824072001,0.9063934591949966,6.168911804368583,12.337823608737166,23.627716627395515,604.0763552848762,155.66327644571953,196.67543219809428,4.467312904580805,2015-12-31
-90.66417255077471,35.21105027824701,1,10526,PurcellMG4,15-Apr,early_sowing,1/1/1980,540,750,4279.623307578042,10999.301127153009,121,6,65,38,1468.0610597397122,596.3599970340729,3725.4100017547607,32.83641296884288,21.88804348655369,27.362228227698285,36.01639338008693,0.8633337186989836,0.8938524621431944,6.168911804368583,12.337823608737166,23.627716627395515,570.5819351640325,145.41004212393764,128.19466824022092,5.069522634891204,2016-12-31
-90.66417255077471,35.21105027824701,1,10526,PurcellMG4,15-Apr,early_sowing,1/1/1980,540,750,4414.022312382025,11415.145724897688,116,5,65,38,1348.825305665953,658.6000003814697,3722.700005531311,31.6913044763648,20.694021686263707,26.192663081314254,33.76721325858695,0.8854707684839509,0.9733606588645057,6.168911804368583,12.337823608737166,23.627716627395515,522.8469293892337,101.52425738447809,168.89366742990893,5.564373977986681,2017-12-31
-90.66417255077471,35.21105027824701,1,10526,PurcellMG4,15-Apr,early_sowing,1/1/1980,540,750,4238.332056952807,10718.454252812582,120,9,67,39,1511.1443647595313,380.96999645233154,3849.6399993896484,33.17826095871303,21.80706521674343,27.492663087728232,35.9639346951344,0.7439413680189382,0.9154098354402136,6.168911804368583,12.337823608737166,23.627716627395515,566.2958580356511,80.0111557662719,15.219732375908663,6.406894477722989,2018-12-31
-90.66417255077471,35.21105027824701,1,10526,PurcellMG4,15-Apr,early_sowing,1/1/1980,540,750,4436.135408043439,11548.427765463375,115,7,63,37,1312.6024540490523,766.8000028133392,3800.090009689331,32.859782592110015,21.66521748641263,27.26250003926132,33.19016397194784,0.9483542384281757,0.9834426254522607,6.168911804368583,12.337823608737166,23.627716627395515,549.2157761937304,125.77005092982846,249.47150448813866,4.798637272214054,2019-12-31
-90.66417255077471,35.21105027824701,1,10526,PurcellMG4,15-Apr,early_sowing,1/1/1980,540,750,4510.932521869986,11708.469839189693,118,8,68,40,1352.8207072807675,946.6499993801117,3743.2299931049347,31.235326186470363,20.525543481111526,25.880434833790947,34.1459017581627,0.9328673104921955,0.9662295060079604,6.168911804368583,12.337823608737166,23.627716627395515,570.5651233187401,122.17636075749321,317.69675251535045,4.464332760294474,2020-12-31
-91.5524336062921,34.24108141634972,1,18551,PurcellMG4,15-Apr,early_sowing,1/1/1980,540,750,4272.605357224112,11112.602945555605,122,7,65,39,1448.2010633938478,582.4299969673157,3887.9099957942963,33.26630435819211,21.346739126288373,27.306521742240243,35.56065575021212,0.9072932824072001,0.9063934591949966,6.168911804368583,12.337823608737166,23.627716627395515,604.0763552848762,155.66327644571953,196.67543219809428,4.467312904580805,2015-12-31
-91.5524336062921,34.24108141634972,1,18551,PurcellMG4,15-Apr,early_sowing,1/1/1980,540,750,4279.623307578042,10999.301127153009,121,6,65,38,1468.0610597397122,596.3599970340729,3725.4100017547607,32.83641296884288,21.88804348655369,27.362228227698285,36.01639338008693,0.8633337186989836,0.8938524621431944,6.168911804368583,12.337823608737166,23.627716627395515,570.5819351640325,145.41004212393764,128.19466824022092,5.069522634891204,2016-12-31
-91.5524336062921,34.24108141634972,1,18551,PurcellMG4,15-Apr,early_sowing,1/1/1980,540,750,4414.022312382025,11415.145724897688,116,5,65,38,1348.825305665953,658.6000003814697,3722.700005531311,31.6913044763648,20.694021686263707,26.192663081314254,33.76721325858695,0.8854707684839509,0.9733606588645057,6.168911804368583,12.337823608737166,23.627716627395515,522.8469293892337,101.52425738447809,168.89366742990893,5.564373977986681,2017-12-31
-91.5524336062921,34.24108141634972,1,18551,PurcellMG4,15-Apr,early_sowing,1/1/1980,540,750,4238.332056952807,10718.454252812582,120,9,67,39,1511.1443647595313,380.96999645233154,3849.6399993896484,33.17826095871303,21.80706521674343,27.492663087728232,35.9639346951344,0.7439413680189382,0.9154098354402136,6.168911804368583,12.337823608737166,23.627716627395515,566.2958580356511,80.0111557662719,15.219732375908663,6.406894477722989,2018-12-31
-91.5524336062921,34.24108141634972,1,18551,PurcellMG4,15-Apr,early_sowing,1/1/1980,540,750,4436.135408043439,11548.427765463375,115,7,63,37,1312.6024540490523,766.8000028133392,3800.090009689331,32.859782592110015,21.66521748641263,27.26250003926132,33.19016397194784,0.9483542384281757,0.9834426254522607,6.168911804368583,12.337823608737166,23.627716627395515,549.2157761937304,125.77005092982846,249.47150448813866,4.798637272214054,2019-12-31
-91.5524336062921,34.24108141634972,1,18551,PurcellMG4,15-Apr,early_sowing,1/1/1980,540,750,4510.932521869986,11708.469839189693,118,8,68,40,1352.8207072807675,946.6499993801117,3743.2299931049347,31.235326186470363,20.525543481111526,25.880434833790947,34.1459017581627,0.9328673104921955,0.9662295060079604,6.168911804368583,12.337823608737166,23.627716627395515,570.5651233187401,122.17636075749321,317.69675251535045,4.464332760294474,2020-12-31
-90.93705164442795,36.117603762561586,1,3354,PurcellMG4,15-Apr,early_sowing,1/1/1980,540,750,4272.605357224112,11112.602945555605,122,7,65,39,1448.2010633938478,582.4299969673157,3887.9099957942963,33.26630435819211,21.346739126288373,27.306521742240243,35.56065575021212,0.9072932824072001,0.9063934591949966,6.168911804368583,12.337823608737166,23.627716627395515,604.0763552848762,155.66327644571953,196.67543219809428,4.467312904580805,2015-12-31
-90.93705164442795,36.117603762561586,1,3354,PurcellMG4,15-Apr,early_sowing,1/1/1980,540,750,4279.623307578042,10999.301127153009,121,6,65,38,1468.0610597397122,596.3599970340729,3725.4100017547607,32.83641296884288,21.88804348655369,27.362228227698285,36.01639338008693,0.8633337186989836,0.8938524621431944,6.168911804368583,12.337823608737166,23.627716627395515,570.5819351640325,145.41004212393764,128.19466824022092,5.069522634891204,2016-12-31
-90.93705164442795,36.117603762561586,1,3354,PurcellMG4,15-Apr,early_sowing,1/1/1980,540,750,4414.022312382025,11415.145724897688,116,5,65,38,1348.825305665953,658.6000003814697,3722.700005531311,31.6913044763648,20.694021686263707,26.192663081314254,33.76721325858695,0.8854707684839509,0.9733606588645057,6.168911804368583,12.337823608737166,23.627716627395515,522.8469293892337,101.52425738447809,168.89366742990893,5.564373977986681,2017-12-31
-90.93705164442795,36.117603762561586,1,3354,PurcellMG4,15-Apr,early_sowing,1/1/1980,540,750,4238.332056952807,10718.454252812582,120,9,67,39,1511.1443647595313,380.96999645233154,3849.6399993896484,33.17826095871303,21.80706521674343,27.492663087728232,35.9639346951344,0.7439413680189382,0.9154098354402136,6.168911804368583,12.337823608737166,23.627716627395515,566.2958580356511,80.0111557662719,15.219732375908663,6.406894477722989,2018-12-31
-90.93705164442795,36.117603762561586,1,3354,PurcellMG4,15-Apr,early_sowing,1/1/1980,540,750,4436.135408043439,11548.427765463375,115,7,63,37,1312.6024540490523,766.8000028133392,3800.090009689331,32.859782592110015,21.66521748641263,27.26250003926132,33.19016397194784,0.9483542384281757,0.9834426254522607,6.168911804368583,12.337823608737166,23.627716627395515,549.2157761937304,125.77005092982846,249.47150448813866,4.798637272214054,2019-12-31
-90.93705164442795,36.117603762561586,1,3354,PurcellMG4,15-Apr,early_sowing,1/1/1980,540,750,4510.932521869986,11708.469839189693,118,8,68,40,1352.8207072807675,946.6499993801117,3743.2299931049347,31.235326186470363,20.525543481111526,25.880434833790947,34.1459017581627,0.9328673104921955,0.9662295060079604,6.168911804368583,12.337823608737166,23.627716627395515,570.5651233187401,122.17636075749321,317.69675251535045,4.464332760294474,2020-12-31
-91.54689264517046,33.860189645683576,1,21595,PurcellMG4,15-Apr,early_sowing,1/1/1980,540,750,4272.605357224112,11112.602945555605,122,7,65,39,1448.2010633938478,582.4299969673157,3887.9099957942963,33.26630435819211,21.346739126288373,27.306521742240243,35.56065575021212,0.9072932824072001,0.9063934591949966,6.168911804368583,12.337823608737166,23.627716627395515,604.0763552848762,155.66327644571953,196.67543219809428,4.467312904580805,2015-12-31
-91.54689264517046,33.860189645683576,1,21595,PurcellMG4,15-Apr,early_sowing,1/1/1980,540,750,4279.623307578042,10999.301127153009,121,6,65,38,1468.0610597397122,596.3599970340729,3725.4100017547607,32.83641296884288,21.88804348655369,27.362228227698285,36.01639338008693,0.8633337186989836,0.8938524621431944,6.168911804368583,12.337823608737166,23.627716627395515,570.5819351640325,145.41004212393764,128.19466824022092,5.069522634891204,2016-12-31
-91.54689264517046,33.860189645683576,1,21595,PurcellMG4,15-Apr,early_sowing,1/1/1980,540,750,4414.022312382025,11415.145724897688,116,5,65,38,1348.825305665953,658.6000003814697,3722.700005531311,31.6913044763648,20.694021686263707,26.192663081314254,33.76721325858695,0.8854707684839509,0.9733606588645057,6.168911804368583,12.337823608737166,23.627716627395515,522.8469293892337,101.52425738447809,168.89366742990893,5.564373977986681,2017-12-31
-91.54689264517046,33.860189645683576,1,21595,PurcellMG4,15-Apr,early_sowing,1/1/1980,540,750,4238.332056952807,10718.454252812582,120,9,67,39,1511.1443647595313,380.96999645233154,3849.6399993896484,33.17826095871303,21.80706521674343,27.492663087728232,35.9639346951344,0.7439413680189382,0.9154098354402136,6.168911804368583,12.337823608737166,23.627716627395515,566.2958580356511,80.0111557662719,15.219732375908663,6.406894477722989,2018-12-31
-91.54689264517046,33.860189645683576,1,21595,PurcellMG4,15-Apr,early_sowing,1/1/1980,540,750,4436.135408043439,11548.427765463375,115,7,63,37,1312.6024540490523,766.8000028133392,3800.090009689331,32.859782592110015,21.66521748641263,27.26250003926132,33.19016397194784,0.9483542384281757,0.9834426254522607,6.168911804368583,12.337823608737166,23.627716627395515,549.2157761937304,125.77005092982846,249.47150448813866,4.798637272214054,2019-12-31
-91.54689264517046,33.860189645683576,1,21595,PurcellMG4,15-Apr,early_sowing,1/1/1980,540,750,4510.932521869986,11708.469839189693,118,8,68,40,1352.8207072807675,946.6499993801117,3743.2299931049347,31.235326186470363,20.525543481111526,25.880434833790947,34.1459017581627,0.9328673104921955,0.9662295060079604,6.168911804368583,12.337823608737166,23.627716627395515,570.5651233187401,122.17636075749321,317.69675251535045,4.464332760294474,2020-12-31
-91.0134875334247,34.95788990364149,1,12662,PurcellMG5,15-May,longer_mat,1/1/1980,540,750,4294.215097555674,10293.306392663408,124,4,72,46,1673.4957032673838,582.4299969673157,3887.9099957942963,33.26630435819211,21.346739126288373,27.306521742240243,35.56065575021212,0.9742178293610754,0.9063934591949966,6.168911804368583,12.337823608737166,23.627716627395515,604.3153812647253,131.06328415585955,73.72500322685327,5.30737316360736,2015-12-31
-91.0134875334247,34.95788990364149,1,12662,PurcellMG5,15-May,longer_mat,1/1/1980,540,750,4143.187879257103,9980.504203520333,120,6,75,48,1451.5345983239274,596.3599970340729,3725.4100017547607,32.83641296884288,21.88804348655369,27.362228227698285,36.01639338008693,0.96334501964194,0.8938524621431944,6.168911804368583,12.337823608737166,23.627716627395515,582.4417718584068,138.11633660387886,70.43289910361867,5.237970899323908,2016-12-31
-91.0134875334247,34.95788990364149,1,12662,PurcellMG5,15-May,longer_mat,1/1/1980,540,750,4560.8703805974565,10925.986709577719,117,4,71,46,1364.360746931482,658.6000003814697,3722.700005531311,31.6913044763648,20.694021686263707,26.192663081314254,33.76721325858695,0.9836870178641132,0.9733606588645057,6.168911804368583,12.337823608737166,23.627716627395515,551.858411305531,88.27807453953062,177.23577982697677,5.579918199019803,2017-12-31
-91.0134875334247,34.95788990364149,1,12662,PurcellMG5,15-May,longer_mat,1/1/1980,540,750,4236.757791024708,10326.717892855526,121,5,74,47,1518.7687806894335,380.96999645233154,3849.6399993896484,33.17826095871303,21.80706521674343,27.492663087728232,35.9639346951344,0.9757357483820196,0.9154098354402136,6.168911804368583,12.337823608737166,23.627716627395515,597.652767731103,43.166945787353384,13.905243661622432,6.471049781380809,2018-12-31
-91.0134875334247,34.95788990364149,1,12662,PurcellMG5,15-May,longer_mat,1/1/1980,540,750,4778.998663851368,11241.177229488094,119,5,69,45,1463.7751193221422,766.8000028133392,3800.090009689331,32.859782592110015,21.66521748641263,27.26250003926132,33.19016397194784,1,0.9834426254522607,6.168911804368583,12.337823608737166,23.627716627395515,602.9678561115758,132.76552244170256,109.16078115961686,5.656328202665441,2019-12-31
-91.0134875334247,34.95788990364149,1,12662,PurcellMG5,15-May,longer_mat,1/1/1980,540,750,4616.662721824965,11237.917007881677,116,5,70,46,1382.3076624148819,946.6499993801117,3743.2299931049347,31.235326186470363,20.525543481111526,25.880434833790947,34.1459017581627,0.9920022425656672,0.9662295060079604,6.168911804368583,12.337823608737166,23.627716627395515,554.0248487584358,98.65796601346702,356.9948593236395,4.5724124047414625,2020-12-31
-91.04206014747538,34.086034535644565,1,19644,PurcellMG5,15-May,longer_mat,1/1/1980,540,750,4294.215097555674,10293.306392663408,124,4,72,46,1673.4957032673838,582.4299969673157,3887.9099957942963,33.26630435819211,21.346739126288373,27.306521742240243,35.56065575021212,0.9742178293610754,0.9063934591949966,6.168911804368583,12.337823608737166,23.627716627395515,604.3153812647253,131.06328415585955,73.72500322685327,5.30737316360736,2015-12-31
-91.04206014747538,34.086034535644565,1,19644,PurcellMG5,15-May,longer_mat,1/1/1980,540,750,4143.187879257103,9980.504203520333,120,6,75,48,1451.5345983239274,596.3599970340729,3725.4100017547607,32.83641296884288,21.88804348655369,27.362228227698285,36.01639338008693,0.96334501964194,0.8938524621431944,6.168911804368583,12.337823608737166,23.627716627395515,582.4417718584068,138.11633660387886,70.43289910361867,5.237970899323908,2016-12-31
-91.04206014747538,34.086034535644565,1,19644,PurcellMG5,15-May,longer_mat,1/1/1980,540,750,4560.8703805974565,10925.986709577719,117,4,71,46,1364.360746931482,658.6000003814697,3722.700005531311,31.6913044763648,20.694021686263707,26.192663081314254,33.76721325858695,0.9836870178641132,0.9733606588645057,6.168911804368583,12.337823608737166,23.627716627395515,551.858411305531,88.27807453953062,177.23577982697677,5.579918199019803,2017-12-31
-91.04206014747538,34.086034535644565,1,19644,PurcellMG5,15-May,longer_mat,1/1/1980,540,750,4236.757791024708,10326.717892855526,121,5,74,47,1518.7687806894335,380.96999645233154,3849.6399993896484,33.17826095871303,21.80706521674343,27.492663087728232,35.9639346951344,0.9757357483820196,0.9154098354402136,6.168911804368583,12.337823608737166,23.627716627395515,597.652767731103,43.166945787353384,13.905243661622432,6.471049781380809,2018-12-31
-91.04206014747538,34.086034535644565,1,19644,PurcellMG5,15-May,longer_mat,1/1/1980,540,750,4778.998663851368,11241.177229488094,119,5,69,45,1463.7751193221422,766.8000028133392,3800.090009689331,32.859782592110015,21.66521748641263,27.26250003926132,33.19016397194784,1,0.9834426254522607,6.168911804368583,12.337823608737166,23.627716627395515,602.9678561115758,132.76552244170256,109.16078115961686,5.656328202665441,2019-12-31
-91.04206014747538,34.086034535644565,1,19644,PurcellMG5,15-May,longer_mat,1/1/1980,540,750,4616.662721824965,11237.917007881677,116,5,70,46,1382.3076624148819,946.6499993801117,3743.2299931049347,31.235326186470363,20.525543481111526,25.880434833790947,34.1459017581627,0.9920022425656672,0.9662295060079604,6.168911804368583,12.337823608737166,23.627716627395515,554.0248487584358,98.65796601346702,356.9948593236395,4.5724124047414625,2020-12-31
-90.25953385772954,35.05771131032115,1,11615,PurcellMG5,15-May,longer_mat,1/1/1980,540,750,4294.215097555674,10293.306392663408,124,4,72,46,1673.4957032673838,582.4299969673157,3887.9099957942963,33.26630435819211,21.346739126288373,27.306521742240243,35.56065575021212,0.9742178293610754,0.9063934591949966,6.168911804368583,12.337823608737166,23.627716627395515,604.3153812647253,131.06328415585955,73.72500322685327,5.30737316360736,2015-12-31
-90.25953385772954,35.05771131032115,1,11615,PurcellMG5,15-May,longer_mat,1/1/1980,540,750,4143.187879257103,9980.504203520333,120,6,75,48,1451.5345983239274,596.3599970340729,3725.4100017547607,32.83641296884288,21.88804348655369,27.362228227698285,36.01639338008693,0.96334501964194,0.8938524621431944,6.168911804368583,12.337823608737166,23.627716627395515,582.4417718584068,138.11633660387886,70.43289910361867,5.237970899323908,2016-12-31
-90.25953385772954,35.05771131032115,1,11615,PurcellMG5,15-May,longer_mat,1/1/1980,540,750,4560.8703805974565,10925.986709577719,117,4,71,46,1364.360746931482,658.6000003814697,3722.700005531311,31.6913044763648,20.694021686263707,26.192663081314254,33.76721325858695,0.9836870178641132,0.9733606588645057,6.168911804368583,12.337823608737166,23.627716627395515,551.858411305531,88.27807453953062,177.23577982697677,5.579918199019803,2017-12-31
-90.25953385772954,35.05771131032115,1,11615,PurcellMG5,15-May,longer_mat,1/1/1980,540,750,4236.757791024708,10326.717892855526,121,5,74,47,1518.7687806894335,380.96999645233154,3849.6399993896484,33.17826095871303,21.80706521674343,27.492663087728232,35.9639346951344,0.9757357483820196,0.9154098354402136,6.168911804368583,12.337823608737166,23.627716627395515,597.652767731103,43.166945787353384,13.905243661622432,6.471049781380809,2018-12-31
-90.25953385772954,35.05771131032115,1,11615,PurcellMG5,15-May,longer_mat,1/1/1980,540,750,4778.998663851368,11241.177229488094,119,5,69,45,1463.7751193221422,766.8000028133392,3800.090009689331,32.859782592110015,21.66521748641263,27.26250003926132,33.19016397194784,1,0.9834426254522607,6.168911804368583,12.337823608737166,23.627716627395515,602.9678561115758,132.76552244170256,109.16078115961686,5.656328202665441,2019-12-31
-90.25953385772954,35.05771131032115,1,11615,PurcellMG5,15-May,longer_mat,1/1/1980,540,750,4616.662721824965,11237.917007881677,116,5,70,46,1382.3076624148819,946.6499993801117,3743.2299931049347,31.235326186470363,20.525543481111526,25.880434833790947,34.1459017581627,0.9920022425656672,0.9662295060079604,6.168911804368583,12.337823608737166,23.627716627395515,554.0248487584358,98.65796601346702,356.9948593236395,4.5724124047414625,2020-12-31
-91.27144920931379,35.7066116349121,1,6744,PurcellMG5,15-May,longer_mat,1/1/1980,540,750,4294.215097555674,10293.306392663408,124,4,72,46,1673.4957032673838,582.4299969673157,3887.9099957942963,33.26630435819211,21.346739126288373,27.306521742240243,35.56065575021212,0.9742178293610754,0.9063934591949966,6.168911804368583,12.337823608737166,23.627716627395515,604.3153812647253,131.06328415585955,73.72500322685327,5.30737316360736,2015-12-31
-91.27144920931379,35.7066116349121,1,6744,PurcellMG5,15-May,longer_mat,1/1/1980,540,750,4143.187879257103,9980.504203520333,120,6,75,48,1451.5345983239274,596.3599970340729,3725.4100017547607,32.83641296884288,21.88804348655369,27.362228227698285,36.01639338008693,0.96334501964194,0.8938524621431944,6.168911804368583,12.337823608737166,23.627716627395515,582.4417718584068,138.11633660387886,70.43289910361867,5.237970899323908,2016-12-31
-91.27144920931379,35.7066116349121,1,6744,PurcellMG5,15-May,longer_mat,1/1/1980,540,750,4560.8703805974565,10925.986709577719,117,4,71,46,1364.360746931482,658.6000003814697,3722.700005531311,31.6913044763648,20.694021686263707,26.192663081314254,33.76721325858695,0.9836870178641132,0.9733606588645057,6.168911804368583,12.337823608737166,23.627716627395515,551.858411305531,88.27807453953062,177.23577982697677,5.579918199019803,2017-12-31
-91.27144920931379,35.7066116349121,1,6744,PurcellMG5,15-May,longer_mat,1/1/1980,540,750,4236.757791024708,10326.717892855526,121,5,74,47,1518.7687806894335,380.96999645233154,3849.6399993896484,33.17826095871303,21.80706521674343,27.492663087728232,35.9639346951344,0.9757357483820196,0.9154098354402136,6.168911804368583,12.337823608737166,23.627716627395515,597.652767731103,43.166945787353384,13.905243661622432,6.471049781380809,2018-12-31
-91.27144920931379,35.7066116349121,1,6744,PurcellMG5,15-May,longer_mat,1/1/1980,540,750,4778.998663851368,11241.177229488094,119,5,69,45,1463.7751193221422,766.8000028133392,3800.090009689331,32.859782592110015,21.66521748641263,27.26250003926132,33.19016397194784,1,0.9834426254522607,6.168911804368583,12.337823608737166,23.627716627395515,602.9678561115758,132.76552244170256,109.16078115961686,5.656328202665441,2019-12-31
-91.27144920931379,35.7066116349121,1,6744,PurcellMG5,15-May,longer_mat,1/1/1980,540,750,4616.662721824965,11237.917007881677,116,5,70,46,1382.3076624148819,946.6499993801117,3743.2299931049347,31.235326186470363,20.525543481111526,25.880434833790947,34.1459017581627,0.9920022425656672,0.9662295060079604,6.168911804368583,12.337823608737166,23.627716627395515,554.0248487584358,98.65796601346702,356.9948593236395,4.5724124047414625,2020-12-31
-91.19215908461389,35.636344474262884,1,7284,PurcellMG5,15-May,longer_mat,1/1/1980,540,750,4294.215097555674,10293.306392663408,124,4,72,46,1673.4957032673838,582.4299969673157,3887.9099957942963,33.26630435819211,21.346739126288373,27.306521742240243,35.56065575021212,0.9742178293610754,0.9063934591949966,6.168911804368583,12.337823608737166,23.627716627395515,604.3153812647253,131.06328415585955,73.72500322685327,5.30737316360736,2015-12-31
-91.19215908461389,35.636344474262884,1,7284,PurcellMG5,15-May,longer_mat,1/1/1980,540,750,4143.187879257103,9980.504203520333,120,6,75,48,1451.5345983239274,596.3599970340729,3725.4100017547607,32.83641296884288,21.88804348655369,27.362228227698285,36.01639338008693,0.96334501964194,0.8938524621431944,6.168911804368583,12.337823608737166,23.627716627395515,582.4417718584068,138.11633660387886,70.43289910361867,5.237970899323908,2016-12-31
-91.19215908461389,35.636344474262884,1,7284,PurcellMG5,15-May,longer_mat,1/1/1980,540,750,4560.8703805974565,10925.986709577719,117,4,71,46,1364.360746931482,658.6000003814697,3722.700005531311,31.6913044763648,20.694021686263707,26.192663081314254,33.76721325858695,0.9836870178641132,0.9733606588645057,6.168911804368583,12.337823608737166,23.627716627395515,551.858411305531,88.27807453953062,177.23577982697677,5.579918199019803,2017-12-31
-91.19215908461389,35.636344474262884,1,7284,PurcellMG5,15-May,longer_mat,1/1/1980,540,750,4236.757791024708,10326.717892855526,121,5,74,47,1518.7687806894335,380.96999645233154,3849.6399993896484,33.17826095871303,21.80706521674343,27.492663087728232,35.9639346951344,0.9757357483820196,0.9154098354402136,6.168911804368583,12.337823608737166,23.627716627395515,597.652767731103,43.166945787353384,13.905243661622432,6.471049781380809,2018-12-31
-91.19215908461389,35.636344474262884,1,7284,PurcellMG5,15-May,longer_mat,1/1/1980,540,750,4778.998663851368,11241.177229488094,119,5,69,45,1463.7751193221422,766.8000028133392,3800.090009689331,32.859782592110015,21.66521748641263,27.26250003926132,33.19016397194784,1,0.9834426254522607,6.168911804368583,12.337823608737166,23.627716627395515,602.9678561115758,132.76552244170256,109.16078115961686,5.656328202665441,2019-12-31
-91.19215908461389,35.636344474262884,1,7284,PurcellMG5,15-May,longer_mat,1/1/1980,540,750,4616.662721824965,11237.917007881677,116,5,70,46,1382.3076624148819,946.6499993801117,3743.2299931049347,31.235326186470363,20.525543481111526,25.880434833790947,34.1459017581627,0.9920022425656672,0.9662295060079604,6.168911804368583,12.337823608737166,23.627716627395515,554.0248487584358,98.65796601346702,356.9948593236395,4.5724124047414625,2020-12-31
-89.91651186466785,35.89089528883186,1,4823,PurcellMG5,15-May,longer_mat,1/1/1980,540,750,4294.215097555674,10293.306392663408,124,4,72,46,1673.4957032673838,582.4299969673157,3887.9099957942963,33.26630435819211,21.346739126288373,27.306521742240243,35.56065575021212,0.9742178293610754,0.9063934591949966,6.168911804368583,12.337823608737166,23.627716627395515,604.3153812647253,131.06328415585955,73.72500322685327,5.30737316360736,2015-12-31
-89.91651186466785,35.89089528883186,1,4823,PurcellMG5,15-May,longer_mat,1/1/1980,540,750,4143.187879257103,9980.504203520333,120,6,75,48,1451.5345983239274,596.3599970340729,3725.4100017547607,32.83641296884288,21.88804348655369,27.362228227698285,36.01639338008693,0.96334501964194,0.8938524621431944,6.168911804368583,12.337823608737166,23.627716627395515,582.4417718584068,138.11633660387886,70.43289910361867,5.237970899323908,2016-12-31
-89.91651186466785,35.89089528883186,1,4823,PurcellMG5,15-May,longer_mat,1/1/1980,540,750,4560.8703805974565,10925.986709577719,117,4,71,46,1364.360746931482,658.6000003814697,3722.700005531311,31.6913044763648,20.694021686263707,26.192663081314254,33.76721325858695,0.9836870178641132,0.9733606588645057,6.168911804368583,12.337823608737166,23.627716627395515,551.858411305531,88.27807453953062,177.23577982697677,5.579918199019803,2017-12-31
-89.91651186466785,35.89089528883186,1,4823,PurcellMG5,15-May,longer_mat,1/1/1980,540,750,4236.757791024708,10326.717892855526,121,5,74,47,1518.7687806894335,380.96999645233154,3849.6399993896484,33.17826095871303,21.80706521674343,27.492663087728232,35.9639346951344,0.9757357483820196,0.9154098354402136,6.168911804368583,12.337823608737166,23.627716627395515,597.652767731103,43.166945787353384,13.905243661622432,6.471049781380809,2018-12-31
-89.91651186466785,35.89089528883186,1,4823,PurcellMG5,15-May,longer_mat,1/1/1980,540,750,4778.998663851368,11241.177229488094,119,5,69,45,1463.7751193221422,766.8000028133392,3800.090009689331,32.859782592110015,21.66521748641263,27.26250003926132,33.19016397194784,1,0.9834426254522607,6.168911804368583,12.337823608737166,23.627716627395515,602.9678561115758,132.76552244170256,109.16078115961686,5.656328202665441,2019-12-31
-89.91651186466785,35.89089528883186,1,4823,PurcellMG5,15-May,longer_mat,1/1/1980,540,750,4616.662721824965,11237.917007881677,116,5,70,46,1382.3076624148819,946.6499993801117,3743.2299931049347,31.235326186470363,20.525543481111526,25.880434833790947,34.1459017581627,0.9920022425656672,0.9662295060079604,6.168911804368583,12.337823608737166,23.627716627395515,554.0248487584358,98.65796601346702,356.9948593236395,4.5724124047414625,2020-12-31
-90.66417255077471,35.21105027824701,1,10526,PurcellMG5,15-May,longer_mat,1/1/1980,540,750,4294.215097555674,10293.306392663408,124,4,72,46,1673.4957032673838,582.4299969673157,3887.9099957942963,33.26630435819211,21.346739126288373,27.306521742240243,35.56065575021212,0.9742178293610754,0.9063934591949966,6.168911804368583,12.337823608737166,23.627716627395515,604.3153812647253,131.06328415585955,73.72500322685327,5.30737316360736,2015-12-31
-90.66417255077471,35.21105027824701,1,10526,PurcellMG5,15-May,longer_mat,1/1/1980,540,750,4143.187879257103,9980.504203520333,120,6,75,48,1451.5345983239274,596.3599970340729,3725.4100017547607,32.83641296884288,21.88804348655369,27.362228227698285,36.01639338008693,0.96334501964194,0.8938524621431944,6.168911804368583,12.337823608737166,23.627716627395515,582.4417718584068,138.11633660387886,70.43289910361867,5.237970899323908,2016-12-31
-90.66417255077471,35.21105027824701,1,10526,PurcellMG5,15-May,longer_mat,1/1/1980,540,750,4560.8703805974565,10925.986709577719,117,4,71,46,1364.360746931482,658.6000003814697,3722.700005531311,31.6913044763648,20.694021686263707,26.192663081314254,33.76721325858695,0.9836870178641132,0.9733606588645057,6.168911804368583,12.337823608737166,23.627716627395515,551.858411305531,88.27807453953062,177.23577982697677,5.579918199019803,2017-12-31
-90.66417255077471,35.21105027824701,1,10526,PurcellMG5,15-May,longer_mat,1/1/1980,540,750,4236.757791024708,10326.717892855526,121,5,74,47,1518.7687806894335,380.96999645233154,3849.6399993896484,33.17826095871303,21.80706521674343,27.492663087728232,35.9639346951344,0.9757357483820196,0.9154098354402136,6.168911804368583,12.337823608737166,23.627716627395515,597.652767731103,43.166945787353384,13.905243661622432,6.471049781380809,2018-12-31
-90.66417255077471,35.21105027824701,1,10526,PurcellMG5,15-May,longer_mat,1/1/1980,540,750,4778.998663851368,11241.177229488094,119,5,69,45,1463.7751193221422,766.8000028133392,3800.090009689331,32.859782592110015,21.66521748641263,27.26250003926132,33.19016397194784,1,0.9834426254522607,6.168911804368583,12.337823608737166,23.627716627395515,602.9678561115758,132.76552244170256,109.16078115961686,5.656328202665441,2019-12-31
-90.66417255077471,35.21105027824701,1,10526,PurcellMG5,15-May,longer_mat,1/1/1980,540,750,4616.662721824965,11237.917007881677,116,5,70,46,1382.3076624148819,946.6499993801117,3743.2299931049347,31.235326186470363,20.525543481111526,25.880434833790947,34.1459017581627,0.9920022425656672,0.9662295060079604,6.168911804368583,12.337823608737166,23.627716627395515,554.0248487584358,98.65796601346702,356.9948593236395,4.5724124047414625,2020-12-31
-91.5524336062921,34.24108141634972,1,18551,PurcellMG5,15-May,longer_mat,1/1/1980,540,750,4294.215097555674,10293.306392663408,124,4,72,46,1673.4957032673838,582.4299969673157,3887.9099957942963,33.26630435819211,21.346739126288373,27.306521742240243,35.56065575021212,0.9742178293610754,0.9063934591949966,6.168911804368583,12.337823608737166,23.627716627395515,604.3153812647253,131.06328415585955,73.72500322685327,5.30737316360736,2015-12-31
-91.5524336062921,34.24108141634972,1,18551,PurcellMG5,15-May,longer_mat,1/1/1980,540,750,4143.187879257103,9980.504203520333,120,6,75,48,1451.5345983239274,596.3599970340729,3725.4100017547607,32.83641296884288,21.88804348655369,27.362228227698285,36.01639338008693,0.96334501964194,0.8938524621431944,6.168911804368583,12.337823608737166,23.627716627395515,582.4417718584068,138.11633660387886,70.43289910361867,5.237970899323908,2016-12-31
-91.5524336062921,34.24108141634972,1,18551,PurcellMG5,15-May,longer_mat,1/1/1980,540,750,4560.8703805974565,10925.986709577719,117,4,71,46,1364.360746931482,658.6000003814697,3722.700005531311,31.6913044763648,20.694021686263707,26.192663081314254,33.76721325858695,0.9836870178641132,0.9733606588645057,6.168911804368583,12.337823608737166,23.627716627395515,551.858411305531,88.27807453953062,177.23577982697677,5.579918199019803,2017-12-31
-91.5524336062921,34.24108141634972,1,18551,PurcellMG5,15-May,longer_mat,1/1/1980,540,750,4236.757791024708,10326.717892855526,121,5,74,47,1518.7687806894335,380.96999645233154,3849.6399993896484,33.17826095871303,21.80706521674343,27.492663087728232,35.9639346951344,0.9757357483820196,0.9154098354402136,6.168911804368583,12.337823608737166,23.627716627395515,597.652767731103,43.166945787353384,13.905243661622432,6.471049781380809,2018-12-31
-91.5524336062921,34.24108141634972,1,18551,PurcellMG5,15-May,longer_mat,1/1/1980,540,750,4778.998663851368,11241.177229488094,119,5,69,45,1463.7751193221422,766.8000028133392,3800.090009689331,32.859782592110015,21.66521748641263,27.26250003926132,33.19016397194784,1,0.9834426254522607,6.168911804368583,12.337823608737166,23.627716627395515,602.9678561115758,132.76552244170256,109.16078115961686,5.656328202665441,2019-12-31
-91.5524336062921,34.24108141634972,1,18551,PurcellMG5,15-May,longer_mat,1/1/1980,540,750,4616.662721824965,11237.917007881677,116,5,70,46,1382.3076624148819,946.6499993801117,3743.2299931049347,31.235326186470363,20.525543481111526,25.880434833790947,34.1459017581627,0.9920022425656672,0.9662295060079604,6.168911804368583,12.337823608737166,23.627716627395515,554.0248487584358,98.65796601346702,356.9948593236395,4.5724124047414625,2020-12-31
-90.93705164442795,36.117603762561586,1,3354,PurcellMG5,15-May,longer_mat,1/1/1980,540,750,4294.215097555674,10293.306392663408,124,4,72,46,1673.4957032673838,582.4299969673157,3887.9099957942963,33.26630435819211,21.346739126288373,27.306521742240243,35.56065575021212,0.9742178293610754,0.9063934591949966,6.168911804368583,12.337823608737166,23.627716627395515,604.3153812647253,131.06328415585955,73.72500322685327,5.30737316360736,2015-12-31
-90.93705164442795,36.117603762561586,1,3354,PurcellMG5,15-May,longer_mat,1/1/1980,540,750,4143.187879257103,9980.504203520333,120,6,75,48,1451.5345983239274,596.3599970340729,3725.4100017547607,32.83641296884288,21.88804348655369,27.362228227698285,36.01639338008693,0.96334501964194,0.8938524621431944,6.168911804368583,12.337823608737166,23.627716627395515,582.4417718584068,138.11633660387886,70.43289910361867,5.237970899323908,2016-12-31
-90.93705164442795,36.117603762561586,1,3354,PurcellMG5,15-May,longer_mat,1/1/1980,540,750,4560.8703805974565,10925.986709577719,117,4,71,46,1364.360746931482,658.6000003814697,3722.700005531311,31.6913044763648,20.694021686263707,26.192663081314254,33.76721325858695,0.9836870178641132,0.9733606588645057,6.168911804368583,12.337823608737166,23.627716627395515,551.858411305531,88.27807453953062,177.23577982697677,5.579918199019803,2017-12-31
-90.93705164442795,36.117603762561586,1,3354,PurcellMG5,15-May,longer_mat,1/1/1980,540,750,4236.757791024708,10326.717892855526,121,5,74,47,1518.7687806894335,380.96999645233154,3849.6399993896484,33.17826095871303,21.80706521674343,27.492663087728232,35.9639346951344,0.9757357483820196,0.9154098354402136,6.168911804368583,12.337823608737166,23.627716627395515,597.652767731103,43.166945787353384,13.905243661622432,6.471049781380809,2018-12-31
-90.93705164442795,36.117603762561586,1,3354,PurcellMG5,15-May,longer_mat,1/1/1980,540,750,4778.998663851368,11241.177229488094,119,5,69,45,1463.7751193221422,766.8000028133392,3800.090009689331,32.859782592110015,21.66521748641263,27.26250003926132,33.19016397194784,1,0.9834426254522607,6.168911804368583,12.337823608737166,23.627716627395515,602.9678561115758,132.76552244170256,109.16078115961686,5.656328202665441,2019-12-31
-90.93705164442795,36.117603762561586,1,3354,PurcellMG5,15-May,longer_mat,1/1/1980,540,750,4616.662721824965,11237.917007881677,116,5,70,46,1382.3076624148819,946.6499993801117,3743.2299931049347,31.235326186470363,20.525543481111526,25.880434833790947,34.1459017581627,0.9920022425656672,0.9662295060079604,6.168911804368583,12.337823608737166,23.627716627395515,554.0248487584358,98.65796601346702,356.9948593236395,4.5724124047414625,2020-12-31
-91.54689264517046,33.860189645683576,1,21595,PurcellMG5,15-May,longer_mat,1/1/1980,540,750,4294.215097555674,10293.306392663408,124,4,72,46,1673.4957032673838,582.4299969673157,3887.9099957942963,33.26630435819211,21.346739126288373,27.306521742240243,35.56065575021212,0.9742178293610754,0.9063934591949966,6.168911804368583,12.337823608737166,23.627716627395515,604.3153812647253,131.06328415585955,73.72500322685327,5.30737316360736,2015-12-31
-91.54689264517046,33.860189645683576,1,21595,PurcellMG5,15-May,longer_mat,1/1/1980,540,750,4143.187879257103,9980.504203520333,120,6,75,48,1451.5345983239274,596.3599970340729,3725.4100017547607,32.83641296884288,21.88804348655369,27.362228227698285,36.01639338008693,0.96334501964194,0.8938524621431944,6.168911804368583,12.337823608737166,23.627716627395515,582.4417718584068,138.11633660387886,70.43289910361867,5.237970899323908,2016-12-31
-91.54689264517046,33.860189645683576,1,21595,PurcellMG5,15-May,longer_mat,1/1/1980,540,750,4560.8703805974565,10925.986709577719,117,4,71,46,1364.360746931482,658.6000003814697,3722.700005531311,31.6913044763648,20.694021686263707,26.192663081314254,33.76721325858695,0.9836870178641132,0.9733606588645057,6.168911804368583,12.337823608737166,23.627716627395515,551.858411305531,88.27807453953062,177.23577982697677,5.579918199019803,2017-12-31
-91.54689264517046,33.860189645683576,1,21595,PurcellMG5,15-May,longer_mat,1/1/1980,540,750,4236.757791024708,10326.717892855526,121,5,74,47,1518.7687806894335,380.96999645233154,3849.6399993896484,33.17826095871303,21.80706521674343,27.492663087728232,35.9639346951344,0.9757357483820196,0.9154098354402136,6.168911804368583,12.337823608737166,23.627716627395515,597.652767731103,43.166945787353384,13.905243661622432,6.471049781380809,2018-12-31
-91.54689264517046,33.860189645683576,1,21595,PurcellMG5,15-May,longer_mat,1/1/1980,540,750,4778.998663851368,11241.177229488094,119,5,69,45,1463.7751193221422,766.8000028133392,3800.090009689331,32.859782592110015,21.66521748641263,27.26250003926132,33.19016397194784,1,0.9834426254522607,6.168911804368583,12.337823608737166,23.627716627395515,602.9678561115758,132.76552244170256,109.16078115961686,5.656328202665441,2019-12-31
-91.54689264517046,33.860189645683576,1,21595,PurcellMG5,15-May,longer_mat,1/1/1980,540,750,4616.662721824965,11237.917007881677,116,5,70,46,1382.3076624148819,946.6499993801117,3743.2299931049347,31.235326186470363,20.525543481111526,25.880434833790947,34.1459017581627,0.9920022425656672,0.9662295060079604,6.168911804368583,12.337823608737166,23.627716627395515,554.0248487584358,98.65796601346702,356.9948593236395,4.5724124047414625,2020-12-31
-91.0134875334247,34.95788990364149,1,12662,PurcellMG5,15-Apr,early_sowing_longer_mat,1/1/1980,540,750,4738.720320177192,11588.96746227919,134,7,72,45,1641.7151076101622,582.4299969673157,3887.9099957942963,33.26630435819211,21.346739126288373,27.306521742240243,35.56065575021212,0.9045992396596195,0.9063934591949966,6.168911804368583,12.337823608737166,23.627716627395515,645.7665227886358,156.31372476352203,196.73512588455495,4.744340592067837,2015-12-31
-91.0134875334247,34.95788990364149,1,12662,PurcellMG5,15-Apr,early_sowing_longer_mat,1/1/1980,540,750,4688.234978030586,11279.559799237466,131,6,72,45,1592.406702070428,596.3599970340729,3725.4100017547607,32.83641296884288,21.88804348655369,27.362228227698285,36.01639338008693,0.8605143560678863,0.8938524621431944,6.168911804368583,12.337823608737166,23.627716627395515,605.8734258172541,145.62447674906556,147.87086871676425,5.212806056565783,2016-12-31
-91.0134875334247,34.95788990364149,1,12662,PurcellMG5,15-Apr,early_sowing_longer_mat,1/1/1980,540,750,4829.3908583342945,11787.365193455287,128,5,72,45,1476.088941946781,658.6000003814697,3722.700005531311,31.6913044763648,20.694021686263707,26.192663081314254,33.76721325858695,0.8860817641166664,0.9733606588645057,6.168911804368583,12.337823608737166,23.627716627395515,577.2030980049443,101.72119998953868,196.33600072412187,5.517662420430357,2017-12-31
-91.0134875334247,34.95788990364149,1,12662,PurcellMG5,15-Apr,early_sowing_longer_mat,1/1/1980,540,750,4526.798946695818,11030.016714480462,133,9,74,45,1658.220752210899,380.96999645233154,3849.6399993896484,33.17826095871303,21.80706521674343,27.492663087728232,35.9639346951344,0.7435710280525469,0.9154098354402136,6.168911804368583,12.337823608737166,23.627716627395515,637.5416632469471,80.0552604943393,15.218572543732433,6.177269680628013,2018-12-31
-91.0134875334247,34.95788990364149,1,12662,PurcellMG5,15-Apr,early_sowing_longer_mat,1/1/1980,540,750,4943.550858549192,12278.160381633395,129,7,70,43,1486.7076241824673,766.8000028133392,3800.090009689331,32.859782592110015,21.66521748641263,27.26250003926132,33.19016397194784,0.9468707036586405,0.9834426254522607,6.168911804368583,12.337823608737166,23.627716627395515,632.5361951521877,126.07498944092416,251.8007228747918,4.892609461558851,2019-12-31
-91.0134875334247,34.95788990364149,1,12662,PurcellMG5,15-Apr,early_sowing_longer_mat,1/1/1980,540,750,5122.093860186984,12448.449714896151,130,8,75,48,1511.83618767113,946.6499993801117,3743.2299931049347,31.235326186470363,20.525543481111526,25.880434833790947,34.1459017581627,0.9276422994531368,0.9662295060079604,6.168911804368583,12.337823608737166,23.627716627395515,633.0660692198527,122.51047935985218,325.0685132254655,4.739848486079925,2020-12-31
-91.04206014747538,34.086034535644565,1,19644,PurcellMG5,15-Apr,early_sowing_longer_mat,1/1/1980,540,750,4738.720320177192,11588.96746227919,134,7,72,45,1641.7151076101622,582.4299969673157,3887.9099957942963,33.26630435819211,21.346739126288373,27.306521742240243,35.56065575021212,0.9045992396596195,0.9063934591949966,6.168911804368583,12.337823608737166,23.627716627395515,645.7665227886358,156.31372476352203,196.73512588455495,4.744340592067837,2015-12-31
-91.04206014747538,34.086034535644565,1,19644,PurcellMG5,15-Apr,early_sowing_longer_mat,1/1/1980,540,750,4688.234978030586,11279.559799237466,131,6,72,45,1592.406702070428,596.3599970340729,3725.4100017547607,32.83641296884288,21.88804348655369,27.362228227698285,36.01639338008693,0.8605143560678863,0.8938524621431944,6.168911804368583,12.337823608737166,23.627716627395515,605.8734258172541,145.62447674906556,147.87086871676425,5.212806056565783,2016-12-31
-91.04206014747538,34.086034535644565,1,19644,PurcellMG5,15-Apr,early_sowing_longer_mat,1/1/1980,540,750,4829.3908583342945,11787.365193455287,128,5,72,45,1476.088941946781,658.6000003814697,3722.700005531311,31.6913044763648,20.694021686263707,26.192663081314254,33.76721325858695,0.8860817641166664,0.9733606588645057,6.168911804368583,12.337823608737166,23.627716627395515,577.2030980049443,101.72119998953868,196.33600072412187,5.517662420430357,2017-12-31
-91.04206014747538,34.086034535644565,1,19644,PurcellMG5,15-Apr,early_sowing_longer_mat,1/1/1980,540,750,4526.798946695818,11030.016714480462,133,9,74,45,1658.220752210899,380.96999645233154,3849.6399993896484,33.17826095871303,21.80706521674343,27.492663087728232,35.9639346951344,0.7435710280525469,0.9154098354402136,6.168911804368583,12.337823608737166,23.627716627395515,637.5416632469471,80.0552604943393,15.218572543732433,6.177269680628013,2018-12-31
-91.04206014747538,34.086034535644565,1,19644,PurcellMG5,15-Apr,early_sowing_longer_mat,1/1/1980,540,750,4943.550858549192,12278.160381633395,129,7,70,43,1486.7076241824673,766.8000028133392,3800.090009689331,32.859782592110015,21.66521748641263,27.26250003926132,33.19016397194784,0.9468707036586405,0.9834426254522607,6.168911804368583,12.337823608737166,23.627716627395515,632.5361951521877,126.07498944092416,251.8007228747918,4.892609461558851,2019-12-31
-91.04206014747538,34.086034535644565,1,19644,PurcellMG5,15-Apr,early_sowing_longer_mat,1/1/1980,540,750,5122.093860186984,12448.449714896151,130,8,75,48,1511.83618767113,946.6499993801117,3743.2299931049347,31.235326186470363,20.525543481111526,25.880434833790947,34.1459017581627,0.9276422994531368,0.9662295060079604,6.168911804368583,12.337823608737166,23.627716627395515,633.0660692198527,122.51047935985218,325.0685132254655,4.739848486079925,2020-12-31
-90.25953385772954,35.05771131032115,1,11615,PurcellMG5,15-Apr,early_sowing_longer_mat,1/1/1980,540,750,4738.720320177192,11588.96746227919,134,7,72,45,1641.7151076101622,582.4299969673157,3887.9099957942963,33.26630435819211,21.346739126288373,27.306521742240243,35.56065575021212,0.9045992396596195,0.9063934591949966,6.168911804368583,12.337823608737166,23.627716627395515,645.7665227886358,156.31372476352203,196.73512588455495,4.744340592067837,2015-12-31
-90.25953385772954,35.05771131032115,1,11615,PurcellMG5,15-Apr,early_sowing_longer_mat,1/1/1980,540,750,4688.234978030586,11279.559799237466,131,6,72,45,1592.406702070428,596.3599970340729,3725.4100017547607,32.83641296884288,21.88804348655369,27.362228227698285,36.01639338008693,0.8605143560678863,0.8938524621431944,6.168911804368583,12.337823608737166,23.627716627395515,605.8734258172541,145.62447674906556,147.87086871676425,5.212806056565783,2016-12-31
-90.25953385772954,35.05771131032115,1,11615,PurcellMG5,15-Apr,early_sowing_longer_mat,1/1/1980,540,750,4829.3908583342945,11787.365193455287,128,5,72,45,1476.088941946781,658.6000003814697,3722.700005531311,31.6913044763648,20.694021686263707,26.192663081314254,33.76721325858695,0.8860817641166664,0.9733606588645057,6.168911804368583,12.337823608737166,23.627716627395515,577.2030980049443,101.72119998953868,196.33600072412187,5.517662420430357,2017-12-31
-90.25953385772954,35.05771131032115,1,11615,PurcellMG5,15-Apr,early_sowing_longer_mat,1/1/1980,540,750,4526.798946695818,11030.016714480462,133,9,74,45,1658.220752210899,380.96999645233154,3849.6399993896484,33.17826095871303,21.80706521674343,27.492663087728232,35.9639346951344,0.7435710280525469,0.9154098354402136,6.168911804368583,12.337823608737166,23.627716627395515,637.5416632469471,80.0552604943393,15.218572543732433,6.177269680628013,2018-12-31
-90.25953385772954,35.05771131032115,1,11615,PurcellMG5,15-Apr,early_sowing_longer_mat,1/1/1980,540,750,4943.550858549192,12278.160381633395,129,7,70,43,1486.7076241824673,766.8000028133392,3800.090009689331,32.859782592110015,21.66521748641263,27.26250003926132,33.19016397194784,0.9468707036586405,0.9834426254522607,6.168911804368583,12.337823608737166,23.627716627395515,632.5361951521877,126.07498944092416,251.8007228747918,4.892609461558851,2019-12-31
-90.25953385772954,35.05771131032115,1,11615,PurcellMG5,15-Apr,early_sowing_longer_mat,1/1/1980,540,750,5122.093860186984,12448.449714896151,130,8,75,48,1511.83618767113,946.6499993801117,3743.2299931049347,31.235326186470363,20.525543481111526,25.880434833790947,34.1459017581627,0.9276422994531368,0.9662295060079604,6.168911804368583,12.337823608737166,23.627716627395515,633.0660692198527,122.51047935985218,325.0685132254655,4.739848486079925,2020-12-31
-91.27144920931379,35.7066116349121,1,6744,PurcellMG5,15-Apr,early_sowing_longer_mat,1/1/1980,540,750,4738.720320177192,11588.96746227919,134,7,72,45,1641.7151076101622,582.4299969673157,3887.9099957942963,33.26630435819211,21.346739126288373,27.306521742240243,35.56065575021212,0.9045992396596195,0.9063934591949966,6.168911804368583,12.337823608737166,23.627716627395515,645.7665227886358,156.31372476352203,196.73512588455495,4.744340592067837,2015-12-31
-91.27144920931379,35.7066116349121,1,6744,PurcellMG5,15-Apr,early_sowing_longer_mat,1/1/1980,540,750,4688.234978030586,11279.559799237466,131,6,72,45,1592.406702070428,596.3599970340729,3725.4100017547607,32.83641296884288,21.88804348655369,27.362228227698285,36.01639338008693,0.8605143560678863,0.8938524621431944,6.168911804368583,12.337823608737166,23.627716627395515,605.8734258172541,145.62447674906556,147.87086871676425,5.212806056565783,2016-12-31
-91.27144920931379,35.7066116349121,1,6744,PurcellMG5,15-Apr,early_sowing_longer_mat,1/1/1980,540,750,4829.3908583342945,11787.365193455287,128,5,72,45,1476.088941946781,658.6000003814697,3722.700005531311,31.6913044763648,20.694021686263707,26.192663081314254,33.76721325858695,0.8860817641166664,0.9733606588645057,6.168911804368583,12.337823608737166,23.627716627395515,577.2030980049443,101.72119998953868,196.33600072412187,5.517662420430357,2017-12-31
-91.27144920931379,35.7066116349121,1,6744,PurcellMG5,15-Apr,early_sowing_longer_mat,1/1/1980,540,750,4526.798946695818,11030.016714480462,133,9,74,45,1658.220752210899,380.96999645233154,3849.6399993896484,33.17826095871303,21.80706521674343,27.492663087728232,35.9639346951344,0.7435710280525469,0.9154098354402136,6.168911804368583,12.337823608737166,23.627716627395515,637.5416632469471,80.0552604943393,15.218572543732433,6.177269680628013,2018-12-31
-91.27144920931379,35.7066116349121,1,6744,PurcellMG5,15-Apr,early_sowing_longer_mat,1/1/1980,540,750,4943.550858549192,12278.160381633395,129,7,70,43,1486.7076241824673,766.8000028133392,3800.090009689331,32.859782592110015,21.66521748641263,27.26250003926132,33.19016397194784,0.9468707036586405,0.9834426254522607,6.168911804368583,12.337823608737166,23.627716627395515,632.5361951521877,126.07498944092416,251.8007228747918,4.892609461558851,2019-12-31
-91.27144920931379,35.7066116349121,1,6744,PurcellMG5,15-Apr,early_sowing_longer_mat,1/1/1980,540,750,5122.093860186984,12448.449714896151,130,8,75,48,1511.83618767113,946.6499993801117,3743.2299931049347,31.235326186470363,20.525543481111526,25.880434833790947,34.1459017581627,0.9276422994531368,0.9662295060079604,6.168911804368583,12.337823608737166,23.627716627395515,633.0660692198527,122.51047935985218,325.0685132254655,4.739848486079925,2020-12-31
-91.19215908461389,35.636344474262884,1,7284,PurcellMG5,15-Apr,early_sowing_longer_mat,1/1/1980,540,750,4738.720320177192,11588.96746227919,134,7,72,45,1641.7151076101622,582.4299969673157,3887.9099957942963,33.26630435819211,21.346739126288373,27.306521742240243,35.56065575021212,0.9045992396596195,0.9063934591949966,6.168911804368583,12.337823608737166,23.627716627395515,645.7665227886358,156.31372476352203,196.73512588455495,4.744340592067837,2015-12-31
-91.19215908461389,35.636344474262884,1,7284,PurcellMG5,15-Apr,early_sowing_longer_mat,1/1/1980,540,750,4688.234978030586,11279.559799237466,131,6,72,45,1592.406702070428,596.3599970340729,3725.4100017547607,32.83641296884288,21.88804348655369,27.362228227698285,36.01639338008693,0.8605143560678863,0.8938524621431944,6.168911804368583,12.337823608737166,23.627716627395515,605.8734258172541,145.62447674906556,147.87086871676425,5.212806056565783,2016-12-31
-91.19215908461389,35.636344474262884,1,7284,PurcellMG5,15-Apr,early_sowing_longer_mat,1/1/1980,540,750,4829.3908583342945,11787.365193455287,128,5,72,45,1476.088941946781,658.6000003814697,3722.700005531311,31.6913044763648,20.694021686263707,26.192663081314254,33.76721325858695,0.8860817641166664,0.9733606588645057,6.168911804368583,12.337823608737166,23.627716627395515,577.2030980049443,101.72119998953868,196.33600072412187,5.517662420430357,2017-12-31
-91.19215908461389,35.636344474262884,1,7284,PurcellMG5,15-Apr,early_sowing_longer_mat,1/1/1980,540,750,4526.798946695818,11030.016714480462,133,9,74,45,1658.220752210899,380.96999645233154,3849.6399993896484,33.17826095871303,21.80706521674343,27.492663087728232,35.9639346951344,0.7435710280525469,0.9154098354402136,6.168911804368583,12.337823608737166,23.627716627395515,637.5416632469471,80.0552604943393,15.218572543732433,6.177269680628013,2018-12-31
-91.19215908461389,35.636344474262884,1,7284,PurcellMG5,15-Apr,early_sowing_longer_mat,1/1/1980,540,750,4943.550858549192,12278.160381633395,129,7,70,43,1486.7076241824673,766.8000028133392,3800.090009689331,32.859782592110015,21.66521748641263,27.26250003926132,33.19016397194784,0.9468707036586405,0.9834426254522607,6.168911804368583,12.337823608737166,23.627716627395515,632.5361951521877,126.07498944092416,251.8007228747918,4.892609461558851,2019-12-31
-91.19215908461389,35.636344474262884,1,7284,PurcellMG5,15-Apr,early_sowing_longer_mat,1/1/1980,540,750,5122.093860186984,12448.449714896151,130,8,75,48,1511.83618767113,946.6499993801117,3743.2299931049347,31.235326186470363,20.525543481111526,25.880434833790947,34.1459017581627,0.9276422994531368,0.9662295060079604,6.168911804368583,12.337823608737166,23.627716627395515,633.0660692198527,122.51047935985218,325.0685132254655,4.739848486079925,2020-12-31
-89.91651186466785,35.89089528883186,1,4823,PurcellMG5,15-Apr,early_sowing_longer_mat,1/1/1980,540,750,4738.720320177192,11588.96746227919,134,7,72,45,1641.7151076101622,582.4299969673157,3887.9099957942963,33.26630435819211,21.346739126288373,27.306521742240243,35.56065575021212,0.9045992396596195,0.9063934591949966,6.168911804368583,12.337823608737166,23.627716627395515,645.7665227886358,156.31372476352203,196.73512588455495,4.744340592067837,2015-12-31
-89.91651186466785,35.89089528883186,1,4823,PurcellMG5,15-Apr,early_sowing_longer_mat,1/1/1980,540,750,4688.234978030586,11279.559799237466,131,6,72,45,1592.406702070428,596.3599970340729,3725.4100017547607,32.83641296884288,21.88804348655369,27.362228227698285,36.01639338008693,0.8605143560678863,0.8938524621431944,6.168911804368583,12.337823608737166,23.627716627395515,605.8734258172541,145.62447674906556,147.87086871676425,5.212806056565783,2016-12-31
-89.91651186466785,35.89089528883186,1,4823,PurcellMG5,15-Apr,early_sowing_longer_mat,1/1/1980,540,750,4829.3908583342945,11787.365193455287,128,5,72,45,1476.088941946781,658.6000003814697,3722.700005531311,31.6913044763648,20.694021686263707,26.192663081314254,33.76721325858695,0.8860817641166664,0.9733606588645057,6.168911804368583,12.337823608737166,23.627716627395515,577.2030980049443,101.72119998953868,196.33600072412187,5.517662420430357,2017-12-31
-89.91651186466785,35.89089528883186,1,4823,PurcellMG5,15-Apr,early_sowing_longer_mat,1/1/1980,540,750,4526.798946695818,11030.016714480462,133,9,74,45,1658.220752210899,380.96999645233154,3849.6399993896484,33.17826095871303,21.80706521674343,27.492663087728232,35.9639346951344,0.7435710280525469,0.9154098354402136,6.168911804368583,12.337823608737166,23.627716627395515,637.5416632469471,80.0552604943393,15.218572543732433,6.177269680628013,2018-12-31
-89.91651186466785,35.89089528883186,1,4823,PurcellMG5,15-Apr,early_sowing_longer_mat,1/1/1980,540,750,4943.550858549192,12278.160381633395,129,7,70,43,1486.7076241824673,766.8000028133392,3800.090009689331,32.859782592110015,21.66521748641263,27.26250003926132,33.19016397194784,0.9468707036586405,0.9834426254522607,6.168911804368583,12.337823608737166,23.627716627395515,632.5361951521877,126.07498944092416,251.8007228747918,4.892609461558851,2019-12-31
-89.91651186466785,35.89089528883186,1,4823,PurcellMG5,15-Apr,early_sowing_longer_mat,1/1/1980,540,750,5122.093860186984,12448.449714896151,130,8,75,48,1511.83618767113,946.6499993801117,3743.2299931049347,31.235326186470363,20.525543481111526,25.880434833790947,34.1459017581627,0.9276422994531368,0.9662295060079604,6.168911804368583,12.337823608737166,23.627716627395515,633.0660692198527,122.51047935985218,325.0685132254655,4.739848486079925,2020-12-31
-90.66417255077471,35.21105027824701,1,10526,PurcellMG5,15-Apr,early_sowing_longer_mat,1/1/1980,540,750,4738.720320177192,11588.96746227919,134,7,72,45,1641.7151076101622,582.4299969673157,3887.9099957942963,33.26630435819211,21.346739126288373,27.306521742240243,35.56065575021212,0.9045992396596195,0.9063934591949966,6.168911804368583,12.337823608737166,23.627716627395515,645.7665227886358,156.31372476352203,196.73512588455495,4.744340592067837,2015-12-31
-90.66417255077471,35.21105027824701,1,10526,PurcellMG5,15-Apr,early_sowing_longer_mat,1/1/1980,540,750,4688.234978030586,11279.559799237466,131,6,72,45,1592.406702070428,596.3599970340729,3725.4100017547607,32.83641296884288,21.88804348655369,27.362228227698285,36.01639338008693,0.8605143560678863,0.8938524621431944,6.168911804368583,12.337823608737166,23.627716627395515,605.8734258172541,145.62447674906556,147.87086871676425,5.212806056565783,2016-12-31
-90.66417255077471,35.21105027824701,1,10526,PurcellMG5,15-Apr,early_sowing_longer_mat,1/1/1980,540,750,4829.3908583342945,11787.365193455287,128,5,72,45,1476.088941946781,658.6000003814697,3722.700005531311,31.6913044763648,20.694021686263707,26.192663081314254,33.76721325858695,0.8860817641166664,0.9733606588645057,6.168911804368583,12.337823608737166,23.627716627395515,577.2030980049443,101.72119998953868,196.33600072412187,5.517662420430357,2017-12-31
-90.66417255077471,35.21105027824701,1,10526,PurcellMG5,15-Apr,early_sowing_longer_mat,1/1/1980,540,750,4526.798946695818,11030.016714480462,133,9,74,45,1658.220752210899,380.96999645233154,3849.6399993896484,33.17826095871303,21.80706521674343,27.492663087728232,35.9639346951344,0.7435710280525469,0.9154098354402136,6.168911804368583,12.337823608737166,23.627716627395515,637.5416632469471,80.0552604943393,15.218572543732433,6.177269680628013,2018-12-31
-90.66417255077471,35.21105027824701,1,10526,PurcellMG5,15-Apr,early_sowing_longer_mat,1/1/1980,540,750,4943.550858549192,12278.160381633395,129,7,70,43,1486.7076241824673,766.8000028133392,3800.090009689331,32.859782592110015,21.66521748641263,27.26250003926132,33.19016397194784,0.9468707036586405,0.9834426254522607,6.168911804368583,12.337823608737166,23.627716627395515,632.5361951521877,126.07498944092416,251.8007228747918,4.892609461558851,2019-12-31
-90.66417255077471,35.21105027824701,1,10526,PurcellMG5,15-Apr,early_sowing_longer_mat,1/1/1980,540,750,5122.093860186984,12448.449714896151,130,8,75,48,1511.83618767113,946.6499993801117,3743.2299931049347,31.235326186470363,20.525543481111526,25.880434833790947,34.1459017581627,0.9276422994531368,0.9662295060079604,6.168911804368583,12.337823608737166,23.627716627395515,633.0660692198527,122.51047935985218,325.0685132254655,4.739848486079925,2020-12-31
-91.5524336062921,34.24108141634972,1,18551,PurcellMG5,15-Apr,early_sowing_longer_mat,1/1/1980,540,750,4738.720320177192,11588.96746227919,134,7,72,45,1641.7151076101622,582.4299969673157,3887.9099957942963,33.26630435819211,21.346739126288373,27.306521742240243,35.56065575021212,0.9045992396596195,0.9063934591949966,6.168911804368583,12.337823608737166,23.627716627395515,645.7665227886358,156.31372476352203,196.73512588455495,4.744340592067837,2015-12-31
-91.5524336062921,34.24108141634972,1,18551,PurcellMG5,15-Apr,early_sowing_longer_mat,1/1/1980,540,750,4688.234978030586,11279.559799237466,131,6,72,45,1592.406702070428,596.3599970340729,3725.4100017547607,32.83641296884288,21.88804348655369,27.362228227698285,36.01639338008693,0.8605143560678863,0.8938524621431944,6.168911804368583,12.337823608737166,23.627716627395515,605.8734258172541,145.62447674906556,147.87086871676425,5.212806056565783,2016-12-31
-91.5524336062921,34.24108141634972,1,18551,PurcellMG5,15-Apr,early_sowing_longer_mat,1/1/1980,540,750,4829.3908583342945,11787.365193455287,128,5,72,45,1476.088941946781,658.6000003814697,3722.700005531311,31.6913044763648,20.694021686263707,26.192663081314254,33.76721325858695,0.8860817641166664,0.9733606588645057,6.168911804368583,12.337823608737166,23.627716627395515,577.2030980049443,101.72119998953868,196.33600072412187,5.517662420430357,2017-12-31
-91.5524336062921,34.24108141634972,1,18551,PurcellMG5,15-Apr,early_sowing_longer_mat,1/1/1980,540,750,4526.798946695818,11030.016714480462,133,9,74,45,1658.220752210899,380.96999645233154,3849.6399993896484,33.17826095871303,21.80706521674343,27.492663087728232,35.9639346951344,0.7435710280525469,0.9154098354402136,6.168911804368583,12.337823608737166,23.627716627395515,637.5416632469471,80.0552604943393,15.218572543732433,6.177269680628013,2018-12-31
-91.5524336062921,34.24108141634972,1,18551,PurcellMG5,15-Apr,early_sowing_longer_mat,1/1/1980,540,750,4943.550858549192,12278.160381633395,129,7,70,43,1486.7076241824673,766.8000028133392,3800.090009689331,32.859782592110015,21.66521748641263,27.26250003926132,33.19016397194784,0.9468707036586405,0.9834426254522607,6.168911804368583,12.337823608737166,23.627716627395515,632.5361951521877,126.07498944092416,251.8007228747918,4.892609461558851,2019-12-31
-91.5524336062921,34.24108141634972,1,18551,PurcellMG5,15-Apr,early_sowing_longer_mat,1/1/1980,540,750,5122.093860186984,12448.449714896151,130,8,75,48,1511.83618767113,946.6499993801117,3743.2299931049347,31.235326186470363,20.525543481111526,25.880434833790947,34.1459017581627,0.9276422994531368,0.9662295060079604,6.168911804368583,12.337823608737166,23.627716627395515,633.0660692198527,122.51047935985218,325.0685132254655,4.739848486079925,2020-12-31
-90.93705164442795,36.117603762561586,1,3354,PurcellMG5,15-Apr,early_sowing_longer_mat,1/1/1980,540,750,4738.720320177192,11588.96746227919,134,7,72,45,1641.7151076101622,582.4299969673157,3887.9099957942963,33.26630435819211,21.346739126288373,27.306521742240243,35.56065575021212,0.9045992396596195,0.9063934591949966,6.168911804368583,12.337823608737166,23.627716627395515,645.7665227886358,156.31372476352203,196.73512588455495,4.744340592067837,2015-12-31
-90.93705164442795,36.117603762561586,1,3354,PurcellMG5,15-Apr,early_sowing_longer_mat,1/1/1980,540,750,4688.234978030586,11279.559799237466,131,6,72,45,1592.406702070428,596.3599970340729,3725.4100017547607,32.83641296884288,21.88804348655369,27.362228227698285,36.01639338008693,0.8605143560678863,0.8938524621431944,6.168911804368583,12.337823608737166,23.627716627395515,605.8734258172541,145.62447674906556,147.87086871676425,5.212806056565783,2016-12-31
-90.93705164442795,36.117603762561586,1,3354,PurcellMG5,15-Apr,early_sowing_longer_mat,1/1/1980,540,750,4829.3908583342945,11787.365193455287,128,5,72,45,1476.088941946781,658.6000003814697,3722.700005531311,31.6913044763648,20.694021686263707,26.192663081314254,33.76721325858695,0.8860817641166664,0.9733606588645057,6.168911804368583,12.337823608737166,23.627716627395515,577.2030980049443,101.72119998953868,196.33600072412187,5.517662420430357,2017-12-31
-90.93705164442795,36.117603762561586,1,3354,PurcellMG5,15-Apr,early_sowing_longer_mat,1/1/1980,540,750,4526.798946695818,11030.016714480462,133,9,74,45,1658.220752210899,380.96999645233154,3849.6399993896484,33.17826095871303,21.80706521674343,27.492663087728232,35.9639346951344,0.7435710280525469,0.9154098354402136,6.168911804368583,12.337823608737166,23.627716627395515,637.5416632469471,80.0552604943393,15.218572543732433,6.177269680628013,2018-12-31
-90.93705164442795,36.117603762561586,1,3354,PurcellMG5,15-Apr,early_sowing_longer_mat,1/1/1980,540,750,4943.550858549192,12278.160381633395,129,7,70,43,1486.7076241824673,766.8000028133392,3800.090009689331,32.859782592110015,21.66521748641263,27.26250003926132,33.19016397194784,0.9468707036586405,0.9834426254522607,6.168911804368583,12.337823608737166,23.627716627395515,632.5361951521877,126.07498944092416,251.8007228747918,4.892609461558851,2019-12-31
-90.93705164442795,36.117603762561586,1,3354,PurcellMG5,15-Apr,early_sowing_longer_mat,1/1/1980,540,750,5122.093860186984,12448.449714896151,130,8,75,48,1511.83618767113,946.6499993801117,3743.2299931049347,31.235326186470363,20.525543481111526,25.880434833790947,34.1459017581627,0.9276422994531368,0.9662295060079604,6.168911804368583,12.337823608737166,23.627716627395515,633.0660692198527,122.51047935985218,325.0685132254655,4.739848486079925,2020-12-31
-91.54689264517046,33.860189645683576,1,21595,PurcellMG5,15-Apr,early_sowing_longer_mat,1/1/1980,540,750,4738.720320177192,11588.96746227919,134,7,72,45,1641.7151076101622,582.4299969673157,3887.9099957942963,33.26630435819211,21.346739126288373,27.306521742240243,35.56065575021212,0.9045992396596195,0.9063934591949966,6.168911804368583,12.337823608737166,23.627716627395515,645.7665227886358,156.31372476352203,196.73512588455495,4.744340592067837,2015-12-31
-91.54689264517046,33.860189645683576,1,21595,PurcellMG5,15-Apr,early_sowing_longer_mat,1/1/1980,540,750,4688.234978030586,11279.559799237466,131,6,72,45,1592.406702070428,596.3599970340729,3725.4100017547607,32.83641296884288,21.88804348655369,27.362228227698285,36.01639338008693,0.8605143560678863,0.8938524621431944,6.168911804368583,12.337823608737166,23.627716627395515,605.8734258172541,145.62447674906556,147.87086871676425,5.212806056565783,2016-12-31
-91.54689264517046,33.860189645683576,1,21595,PurcellMG5,15-Apr,early_sowing_longer_mat,1/1/1980,540,750,4829.3908583342945,11787.365193455287,128,5,72,45,1476.088941946781,658.6000003814697,3722.700005531311,31.6913044763648,20.694021686263707,26.192663081314254,33.76721325858695,0.8860817641166664,0.9733606588645057,6.168911804368583,12.337823608737166,23.627716627395515,577.2030980049443,101.72119998953868,196.33600072412187,5.517662420430357,2017-12-31
-91.54689264517046,33.860189645683576,1,21595,PurcellMG5,15-Apr,early_sowing_longer_mat,1/1/1980,540,750,4526.798946695818,11030.016714480462,133,9,74,45,1658.220752210899,380.96999645233154,3849.6399993896484,33.17826095871303,21.80706521674343,27.492663087728232,35.9639346951344,0.7435710280525469,0.9154098354402136,6.168911804368583,12.337823608737166,23.627716627395515,637.5416632469471,80.0552604943393,15.218572543732433,6.177269680628013,2018-12-31
-91.54689264517046,33.860189645683576,1,21595,PurcellMG5,15-Apr,early_sowing_longer_mat,1/1/1980,540,750,4943.550858549192,12278.160381633395,129,7,70,43,1486.7076241824673,766.8000028133392,3800.090009689331,32.859782592110015,21.66521748641263,27.26250003926132,33.19016397194784,0.9468707036586405,0.9834426254522607,6.168911804368583,12.337823608737166,23.627716627395515,632.5361951521877,126.07498944092416,251.8007228747918,4.892609461558851,2019-12-31
-91.54689264517046,33.860189645683576,1,21595,PurcellMG5,15-Apr,early_sowing_longer_mat,1/1/1980,540,750,5122.093860186984,12448.449714896151,130,8,75,48,1511.83618767113,946.6499993801117,3743.2299931049347,31.235326186470363,20.525543481111526,25.880434833790947,34.1459017581627,0.9276422994531368,0.9662295060079604,6.168911804368583,12.337823608737166,23.627716627395515,633.0660692198527,122.51047935985218,325.0685132254655,4.739848486079925,2020-12-31
